"variable_id","variable_number","form_sheet_number","formsheet_sub_sheet_number","form_sheet_name_de","topic_section_de","topic_title_de","topic_subsection_de","topic_subtitle_de","name_unified_de","name_de","alternative_names_de","data_level","data_type","unit","digits","digit_column_start","digit_column_end","literature"
"FBG_1",1,1,,"Allgemeine Angaben","2.1.1.","Fundplatzbezogene Daten",,,"lanr","LA Nr",,"nominal","character",,4,1,4,"Nach Zimmermann (1988, 572)., Zimmermann (1977, 358), veraendert., Zimmermann (1988, 598)."
"FBG_2",2,1,,"Allgemeine Angaben","2.1.1.","Fundplatzbezogene Daten",,,"fundjahr","Fundjahr",,"nominal","character","Jahr",4,5,8,"Drafehn/Bradtmoeller/Mischka (2008, 3)., Drafehn/Bradtmoeller/Mischka (2008)., Drafehn/Bradtmoeller/Mischka (2008)."
"FBG_3",3,1,,"Allgemeine Angaben","2.1.1.","Fundplatzbezogene Daten",,,"befundnr","Befund- bzw. Stellennummer",,"nominal","character",,5,9,13,"Nach Zimmermann (1988, 572)., Zimmermann (1977, 358)., Zimmermann (1988, 598)."
"FBG_4",4,1,,"Allgemeine Angaben","2.1.1.","Fundplatzbezogene Daten",,,"posnr","Positionsnummer",,"nominal","character",,5,14,18,"Nach Zimmermann (1988, 572)., Zimmermann (1977, 358), veraendert., Zimmermann (1988, 598)."
"FBG_5",5,1,,"Allgemeine Angaben","2.1.1.","Fundplatzbezogene Daten",,,"artefaktnr","Artefaktnummer/Individualnummer",,"nominal","character",,5,19,23,"Nach Zimmermann (1988, 572)., Zimmermann (1977, 358), veraendert., Zimmermann (1988, 598)."
"FBG_6",6,1,,"Allgemeine Angaben","2.1.2.","Formblatt",,,"formblattnr","Formblattnummer",,"nominal","character",,2,24,25,"Nach Zimmermann (1988, 572), ergaenzt., Zimmermann (1977, 358), veraendert., Zimmermann (1988, 599)."
"FB1_7",7,1,,"Allgemeine Angaben","2.1.3.","Positionsdaten",,,"quadratmeter","Quadratmeter",,"nominal","character",,4,26,29,"Nach Auffermann et al. (1990, 260)."
"FB1_8",8,1,,"Allgemeine Angaben","2.1.3.","Positionsdaten",,,"koord_rechts","Koordinate: Rechtswert",,"cardinal","double","mm",11,30,40,"Nach Auffermann et al. (1990, 260)."
"FB1_9",9,1,,"Allgemeine Angaben","2.1.3.","Positionsdaten",,,"koord_links","Koordinate: Hochwert",,"cardinal","double","mm",11,41,51,"Nach Auffermann et al. (1990, 260)."
"FB1_10",10,1,,"Allgemeine Angaben","2.1.3.","Positionsdaten",,,"hoehe","Hoehe ueber NN",,"cardinal","double",,8,52,59,"Nach Auffermann et al. (1990, 260)."
"FB1_11",11,1,,"Allgemeine Angaben","2.1.3.","Positionsdaten",,,"geo_horizont","Geologischer Horizont",,"nominal","character",,3,60,62,"Nach Auffermann et al. (1990, 260)."
"FB1_12",12,1,,"Allgemeine Angaben","2.1.3.","Positionsdaten",,,"archaeo_horizont","Archaeologischer Horizont",,"nominal","character",,3,63,65,"Nach Auffermann et al. (1990, 260)."
"FB1_13",13,1,,"Allgemeine Angaben","2.1.4.","Artefaktverlagerung",,,"neigung","Neigung",,"nominal","character",,1,66,66,"Nach Auffermann et al. (1990, 260)."
"FB1_14",14,1,,"Allgemeine Angaben","2.1.4.","Artefaktverlagerung",,,"kippung","Kippung",,"nominal","character",,1,67,67,"Nach Auffermann et al. (1990, 260)."
"FB1_15",15,1,,"Allgemeine Angaben","2.1.4.","Artefaktverlagerung",,,"himmelsrichtung","Himmelsrichtung",,"nominal","character",,1,68,68,"Nach Auffermann et al. (1990, 260)."
"FB1_16",16,1,,"Allgemeine Angaben","2.1.5.","Rohstoff",,,"rohmaterial","Rohmaterial",,"nominal","character",,4,69,72,"Nach Zimmermann (1988, 572 ff.), ergaenzt."
"FB1_17",17,1,,"Allgemeine Angaben","2.1.5.","Rohstoff",,,"farbe","Farbe des Rohmaterials",,"nominal","character",,2,73,74,"Nach Zimmermann (1988, 575), veraendert."
"FB1_18",18,1,,"Allgemeine Angaben","2.1.5.","Rohstoff",,,"spalt_flaechen","Oberflaeche der artifiziellen Spaltflaechen",,"nominal","character",,1,75,75,"Nach Zimmermann (1988, 575)."
"FB1_19",19,1,,"Allgemeine Angaben","2.1.5.","Rohstoff",,,"strukturen_material","Strukturen im Material",,"nominal","character",,1,76,76,"Nach Zimmermann (1988, 575 f.)."
"FB1_20",20,1,,"Allgemeine Angaben","2.1.6.","Naturflaechen",,,"rinde","Rinde",,"nominal","character",,1,77,77,"Nach Zimmermann (1988, 576), ergaenzt."
"FB1_21",21,1,,"Allgemeine Angaben","2.1.6.","Naturflaechen",,,"sprung_flaechen","Natuerliche Sprungflaeche",,"nominal","character",,1,78,78,"Nach Zimmermann (1988, 576 f.)."
"FB1_22",22,1,,"Allgemeine Angaben","2.1.6.","Naturflaechen",,,"abrollung","Abrollung der natuerlichen Flaechen",,"nominal","character",,1,79,79,"Nach Zimmermann (1988, 577)."
"FB1_23",23,1,,"Allgemeine Angaben","2.1.6.","Naturflaechen",,,"menge_rinde","Menge der Rinde und natuerlichen Sprungflaeche",,"nominal","character",,1,80,80,"Nach Auffermann et al. (1990, 263), veraendert."
"FB1_24",24,1,,"Allgemeine Angaben","2.1.7.","Thermische Einwirkung",,,"therm_art","Thermische Einwirkung - Art",,"nominal","character",,1,81,81,"Nach Zimmermann (1988, 577), ergaenzt."
"FB1_25",25,1,,"Allgemeine Angaben","2.1.7.","Thermische Einwirkung",,,"therm_zeit","Thermische Einwirkung - Zeitpunkt",,"nominal","character",,1,82,82,"Nach Zimmermann (1988, 577), ergaenzt."
"FB1_26",26,1,,"Allgemeine Angaben","2.1.9.","Erhaltung und Masse",,,"erhaltung_gf","Erhaltung der Grundform-Masse im RE",,"nominal","character",,1,83,83,"Nach Zimmermann (1988, 580)."
"FB1_27",27,1,,"Allgemeine Angaben","2.1.9.","Erhaltung und Masse",,,"laenge","Laenge im kleinsten umschreibenden RE",,"cardinal","double","mm",3,84,86,"Nach Zimmermann (1988, 580)."
"FB1_28",28,1,,"Allgemeine Angaben","2.1.9.","Erhaltung und Masse",,,"breite","Breite im kleinsten umschreibenden RE",,"cardinal","double","mm",3,87,89,"Nach Zimmermann (1988, 580)."
"FB1_29",29,1,,"Allgemeine Angaben","2.1.9.","Erhaltung und Masse",,,"dicke","Dicke",,"cardinal","double","mm",3,90,92,"Nach Zimmermann (1988, 580)."
"FB1_30",30,1,,"Allgemeine Angaben","2.1.9.","Erhaltung und Masse",,,"gewicht","Gewicht",,"cardinal","double","1/10g",5,93,97,"Nach Zimmermann (1988, 580)."
"FB1_31",31,1,,"Allgemeine Angaben","2.1.9.","Erhaltung und Masse",,,"groesse","Groessenklasse",,"ordinal","factor",,1,98,98,"Nach Arnold (1981, 38 ff.)."
"FB1_32",32,1,,"Allgemeine Angaben","2.1.9.","Erhaltung und Masse",,,"erhaltung_mod","Erhaltung des modifizierten Stuecks im RE",,"nominal","character",,1,99,99,"Nach Zimmermann (1988, 580), ergaenzt."
"FB1_33",33,1,,"Allgemeine Angaben","2.1.10.","Grundform",,,"gf_1","Grundform 1",,"nominal","character",,1,100,100,"Nach Drafehn (2004, Anhang 1), Merkmale nach Zimmermann (1988, 581), neu und veraendert."
"FB1_34",34,1,,"Allgemeine Angaben","2.1.10.","Grundform",,,"gf_2","Grundform 2",,"nominal","character",,2,101,102,"Nach Drafehn (2004, Anhang 1), Merkmale nach Zimmermann (1988, 581), Hartz (1999, 209), neu und veraendert."
"FB1_35",35,1,,"Allgemeine Angaben","undokumentiert","Thermische Einwirkung ",,,"therm_allgemein","Umwandlung der Sammelaufnahmeinfo zu Einzelartefaktinformation: Thermische Einwirkung",,"nominal","character",,,,,"undokumentiert (siehe FB7_19-FB7_21)"
"FB1_36",36,1,,"Allgemeine Angaben","undokumentiert","Naturflaechen",,,"flaeche_allgemein","Umwandlung der Sammelaufnahmeinfo zu Einzelartefaktinformation: Naturflaechen",,"nominal","character",,,,,"undokumentiert (siehe FB7_22-FB7_27)"
"IGerM","IGerM",1,,"Allgemeine Angaben","2.3","Geraeteklassifikation/-hierachie ",,,"index_geraete_modifikation","Index Geraete-Modifikation",,"nominal","character",,4,118,121,"Nach Zimmermann (k. A.), ergaenzt. "
"FB2_35",35,2,"A","Angaben je nach Grundform","2.2.1","Klingen und Abschlaege","2.2.1.1.","Erhaltung und Masse","erhaltung_gf_schlagrichtung","Erhaltung der GF-Masse in Schlagrichtung und senkrecht dazu",,"nominal","character",,1,122,122,"Nach Zimmermann (1988, 582), ergaenzt."
"FB2_36",36,2,"A","Angaben je nach Grundform","2.2.1","Klingen und Abschlaege","2.2.1.1.","Erhaltung und Masse","laenge_schlagrichtung","Laenge in Schlagrichtung",,"cardinal","double","mm",3,123,125,"Nach Hartz (1999, 215), veraendert."
"FB2_37",37,2,"A","Angaben je nach Grundform","2.2.1","Klingen und Abschlaege","2.2.1.1.","Erhaltung und Masse","breite_schlachrichtung","Breite in Schlagrichtung",,"cardinal","double","mm",3,126,128,"Nach Hartz (1999, 215), veraendert."
"FB2_38",38,2,"A","Angaben je nach Grundform","2.2.1","Klingen und Abschlaege","2.2.1.1.","Erhaltung und Masse","verlauf_schlagrichtung","Verlauf der Schlagrichtung im Rechteck",,"nominal","character",,1,129,129,"Nach Zimmermann (1988, 582), ergaenzt und veraendert."
"FB2_39",39,2,"A","Angaben je nach Grundform","2.2.1","Klingen und Abschlaege","2.2.1.1.","Erhaltung und Masse","schlagwinkel","Schlagwinkel (SW)",,"cardinal","double","Grad",3,130,132,"Nach Gehlen/Fischer (in Vorb.)."
"FB2_40",40,2,"A","Angaben je nach Grundform","2.2.1","Klingen und Abschlaege","2.2.1.2.","Klingenmerkmale","woelbung_gf","Woelbung der Grundform",,"ordinal","factor",,1,133,133,"Nach Bauche (1987, 81; Abb. 39), veraendert."
"FB2_41",41,2,"A","Angaben je nach Grundform","2.2.1","Klingen und Abschlaege","2.2.1.2.","Klingenmerkmale","kantenparallelitaet","Kantenparallelitaet (KaPa)",,"ordinal","factor",,1,134,134,"Nach Bauche (1987, 40 f.), veraendert."
"FB2_42",42,2,"A","Angaben je nach Grundform","2.2.1","Klingen und Abschlaege","2.2.1.3.","Proximalende - Schlagflaechenrest","schlagflaechenrest_art","Schlagflaechenrest - Art",,"nominal","character",,1,135,135,"Nach Auffermann (1990, 263 f.), veraendert und ergaenzt."
"FB2_43",43,2,"A","Angaben je nach Grundform","2.2.1","Klingen und Abschlaege","2.2.1.3.","Proximalende - Schlagflaechenrest","schlagflaechenrest_form","Schlagflaechenrest - Form",,"nominal","character",,1,136,136,"Nach Auffermann (1990, 264), veraendert und ergaenzt."
"FB2_44",44,2,"A","Angaben je nach Grundform","2.2.1","Klingen und Abschlaege","2.2.1.3.","Proximalende - Schlagflaechenrest","schlagflaechenrest_erhaltung","Schlagflaechenrest - Erhaltung im RE",,"nominal","character",,1,137,137,"Nach Zimmermann (1988, 583)."
"FB2_45",45,2,"A","Angaben je nach Grundform","2.2.1","Klingen und Abschlaege","2.2.1.3.","Proximalende - Schlagflaechenrest","schlagflaechenrest_laenge","Schlagflaechenrest - Laenge im RE",,"cardinal","double","mm",3,138,140,"Nach Zimmermann (1988, 582), ergaenzt."
"FB2_46",46,2,"A","Angaben je nach Grundform","2.2.1","Klingen und Abschlaege","2.2.1.3.","Proximalende - Schlagflaechenrest","schlagflaechenrest_breite","Schlagflaechenrest - Breite im RE",,"cardinal","double","mm",3,141,143,"Nach Zimmermann (1988, 582), ergaenzt."
"FB2_47",47,2,"A","Angaben je nach Grundform","2.2.1","Klingen und Abschlaege","2.2.1.3.","Proximalende - Schlagflaechenrest","dorsal_reduktion","Dorsale Reduktion",,"nominal","character",,1,144,144,"Nach Auffermann (1990, 264), veraendert und ergaenzt."
"FB2_48",48,2,"A","Angaben je nach Grundform","2.2.1","Klingen und Abschlaege","2.2.1.4.","Proximalende - Schlagmerkmale","schlagmerkmal_lippe","Schlagmerkmale - Lippe",,"nominal","character",,1,145,145,"Nach Auffermann (1990, 264), veraendert und ergaenzt."
"FB2_49",49,2,"A","Angaben je nach Grundform","2.2.1","Klingen und Abschlaege","2.2.1.4.","Proximalende - Schlagmerkmale","schlagmerkmal_kegel","Schlagmerkmale - Kegel",,"nominal","character",,1,146,146,"Nach Auffermann (1990, 265), veraendert und ergaenzt."
"FB2_50",50,2,"A","Angaben je nach Grundform","2.2.1","Klingen und Abschlaege","2.2.1.4.","Proximalende - Schlagmerkmale","schlagmerkmal_bulbus","Schlagmerkmale - Bulbus",,"nominal","character",,1,147,147,"Nach Auffermann (1990, 265), veraendert und ergaenzt."
"FB2_51",51,2,"A","Angaben je nach Grundform","2.2.1","Klingen und Abschlaege","2.2.1.4.","Proximalende - Schlagmerkmale","schlagmerkmal_schlagnarbe","Schlagmerkmale - Schlagnarbe",,"nominal","character",,1,148,148,"Nach Auffermann (1990, 265), veraendert und ergaenzt."
"FB2_52",52,2,"A","Angaben je nach Grundform","2.2.1","Klingen und Abschlaege","2.2.1.4.","Proximalende - Schlagmerkmale","schlagmerkmal_schlagaugen","Schlagmerkmale - Schlagaugen auf dem SFR, die nicht zur Abtrennung der GF gefuehrt haben",,"nominal","character",,1,149,149,"Nach Zimmermann (1988, 583), veraendert."
"FB2_53",53,2,"A","Angaben je nach Grundform","2.2.1","Klingen und Abschlaege","2.2.1.5.","Distalende","distalende_zustand","Zustand des Distalendes",,"nominal","character",,2,150,151,"Nach Auffermann (1990, 265), Zimmermann (1988, 584 f.), veraendert und ergaenzt."
"FB2_54",54,2,"A","Angaben je nach Grundform","2.2.1","Klingen und Abschlaege","2.2.1.6.","Dorsalflaeche","anzahl_negative_mit_bulbus","Anzahl der Negative auf der Dorsalflaeche (und dem SFR) ueber 2 cm groesster Ausdehnung mit Bulbusnegativ",,"cardinal","integer",,2,152,153,"Nach Zimmermann (1988, 584)."
"FB2_55",55,2,"A","Angaben je nach Grundform","2.2.1","Klingen und Abschlaege","2.2.1.6.","Dorsalflaeche","anzahl_negative_ohne_bulbus","Anzahl der Negative auf der Dorsalflaeche (und dem SFR) ueber 2 cm groesster Ausdehnung ohne Bulbusnegativ",,"cardinal","integer",,2,154,155,"Nach Zimmermann (1988, 584)."
"FB2_56",56,2,"A","Angaben je nach Grundform","2.2.1","Klingen und Abschlaege","2.2.1.6.","Dorsalflaeche","dorsal_praep","Art der Dorsalflaechenpraeparation",,"nominal","character",,1,156,156,"Nach Zimmermann (1988, 584)."
"FB2_57",57,2,"A","Angaben je nach Grundform","2.2.1","Klingen und Abschlaege","2.2.1.6.","Dorsalflaeche","praep_grat","Verlauf des Praeparationsgrates",,"nominal","character",,1,157,157,"Nach Zimmermann (1988, 584)."
"FB2_58",58,2,"A","Angaben je nach Grundform","2.2.1","Klingen und Abschlaege","2.2.1.6.","Dorsalflaeche","abbaurichtung_dorsalflaechennegative","Abbaurichtung der Dorsalflaechennegative",,"nominal","character",,1,158,158,"Nach Zimmermann (1988, 585), veraendert und ergaenzt."
"FB2_59",59,2,"A","Angaben je nach Grundform","2.2.1","Klingen und Abschlaege","2.2.1.7.","Art und Reihenfolge der Modifikationen","mod_art_klinge","Art der Modifikation",,"nominal","character",,12,103,114,"Nach Zimmermann (1988, 586), ergaenzt mit Auffer- mann et al. (1990), Hartz (1999), Owen (1988, 220)."
"FB2_59",59,2,"A","Angaben je nach Grundform","2.2.2.","Kerne","2.2.2.7.","Modifikationen","mod_art_kern","Art der Modifikationen bei Kernen, Truemmern und Geroellen",,"nominal","character",,12,103,114,"Nach Zimmermann (1988, 589)."
"FB2_59",59,2,"A","Angaben je nach Grundform","2.2.3.","Mahl- und Schleifsteine, Pfeilschaftglaetter und Roetel","2.2.3.13.","Modifikationen","mod_art_fels","Art der Modifikation bei Felsgesteingeraeten",,"nominal","character",,12,103,114,"Nach Zimmermann (1988, 596 f.)."
"FB2_59",59,2,"A","Angaben je nach Grundform","2.2.4.","Dechsel und Beile","2.2.4.11.","Modifikationen","mod_art_dechsel_beil","Art der Modifikationen",,"nominal","character",,12,103,114,"Nach Zimmermann (1988, 596 f.)."
"FB2_60",60,2,"A","Angaben je nach Grundform","2.2.1","Klingen und Abschlaege","2.2.1.7.","Art und Reihenfolge der Modifikationen","mod_reihenfolge_klinge","Reihenfolge der Modifikationen",,"nominal","character",,3,115,117,"Nach Zimmermann (1988, 597 f.)."
"FB2_60",60,2,"A","Angaben je nach Grundform","2.2.2.","Kerne","2.2.2.7.","Modifikationen","mod_reihenfolge_kern","Reihenfolge der Modifikationen bei Kernen, Truemmern und Geroellen",,"nominal","character",,3,115,117,"Nach Zimmermann (1988, 597)."
"FB2_60",60,2,"A","Angaben je nach Grundform","2.2.3.","Mahl- und Schleifsteine, Pfeilschaftglaetter und Roetel","2.2.3.13.","Modifikationen","mod_reihenfolge_fels","Reihenfolge der Modifikationen bei Felsgesteingeraeten",,"nominal","character",,3,115,117,"Nach Zimmermann (1988, 597)."
"FB2_60",60,2,"A","Angaben je nach Grundform","2.2.4.","Dechsel und Beile","2.2.4.11.","Modifikationen","mod_reihenfolge_dechsel_beil","Reihenfolge der Modifikationen",,"nominal","character",,3,115,117,"Nach Zimmermann."
"FB2_61",61,2,"B","Angaben je nach Grundform","2.2.2.","Kerne","2.2.2.1.","Klassifikation","kern_typ","Kerntyp",,"nominal","character",,1,162,162,"Nach Hartz (1999, 211)."
"FB2_62",62,2,"B","Angaben je nach Grundform","2.2.2.","Kerne","2.2.2.1.","Klassifikation","kern_form","Kernform",,"nominal","character",,1,163,163,"Nach Hartz (1999, 211), Luebke (2000, 412)."
"FB2_63",63,2,"B","Angaben je nach Grundform","2.2.2.","Kerne","2.2.2.2.","Anzahl Negative","anzahl_abschlagnegative_mit_bulbus","Anzahl der Abschlagnegative ueber 2 cm groesster Ausdehnung mit Bulbusnegativ",,"cardinal","integer",,2,164,165,"Nach Zimmermann (1988, 587), ergaenzt."
"FB2_64",64,2,"B","Angaben je nach Grundform","2.2.2.","Kerne","2.2.2.2.","Anzahl Negative","anzahl_abschlagnegative_ohne_bulbus","Anzahl der Abschlagnegative ueber 2 cm groesster Ausdehnung ohne Bulbusnegativ",,"cardinal","integer",,2,166,167,"Nach Zimmermann (1988, 587), ergaenzt."
"FB2_65",65,2,"B","Angaben je nach Grundform","2.2.2.","Kerne","2.2.2.2.","Anzahl Negative","anzahl_klingennegative_mit_bulbus","Anzahl der Klingennegative ueber 2 cm groesster Ausdehnung mit Bulbusnegativ",,"cardinal","integer",,2,168,169,"Nach Zimmermann (1988, 587), ergaenzt."
"FB2_66",66,2,"B","Angaben je nach Grundform","2.2.2.","Kerne","2.2.2.2.","Anzahl Negative","anzahl_klingennegative_ohne_bulbus","Anzahl der Klingennegative ueber 2 cm groesster Ausdehnung ohne Bulbusnegativ",,"cardinal","integer",,2,170,171,"Nach Zimmermann (1988, 587), ergaenzt."
"FB2_67",67,2,"B","Angaben je nach Grundform","2.2.2.","Kerne","2.2.2.3.","Klopfspuren","klopfspuren_lage_kern","Lage von Klopfspuren",,"nominal","character",,1,159,159,"Nach Zimmermann (1988, 587), ergaenzt."
"FB2_67",67,2,"B","Angaben je nach Grundform","2.2.3.","Mahl- und Schleifsteine, Pfeilschaftglaetter und Roetel","2.2.3.6.","Klopfspuren","klopfspuren_lage_fels","Lage von Klopfspuren (z.B. sekundaer als Klopfer benutzt)",,"nominal","character",,1,159,159,"Nach Zimmermann (1988, 591)."
"FB2_67",67,2,"B","Angaben je nach Grundform","2.2.4.","Dechsel und Beile","2.2.4.10.","Klopfspuren","klopfspuren_lage_dechsel_beil","Lage von Klopfspuren",,"nominal","character",,1,159,159,"Nach Zimmermann (1988, 595)."
"FB2_68",68,2,"B","Angaben je nach Grundform","2.2.2.","Kerne","2.2.2.3.","Klopfspuren","pickspuren_lage_kern","Lage von Retuschiernarbenfeldern und Pickgruebchen",,"nominal","character",,1,160,160,"Nach Zimmermann (1988, 587)."
"FB2_68",68,2,"B","Angaben je nach Grundform","2.2.3.","Mahl- und Schleifsteine, Pfeilschaftglaetter und Roetel","2.2.3.6.","Klopfspuren","pickspuren_lage_fels","Lage von Retuschiernarbenfeldern und Pickgruebchen",,"nominal","character",,1,160,160,"Nach Zimmermann (1988, 591)."
"FB2_68",68,2,"B","Angaben je nach Grundform","2.2.4.","Dechsel und Beile","2.2.4.10.","Klopfspuren","pickspuren_lage_dechsel_beil","Lage von Retuschiernarbenfeldern und Pickgruebchen (besonders im Mittelteil)",,"nominal","character",,1,160,160,"Nach Zimmermann (1988, 595 f.)."
"FB2_69",69,2,"B","Angaben je nach Grundform","2.2.2.","Kerne","2.2.2.3.","Klopfspuren","orientierung_retuschiernarben_kern","Orientierung der Retuschiernarben",,"nominal","character",,1,161,161,"Nach Zimmermann (1988, 587 f.)."
"FB2_69",69,2,"B","Angaben je nach Grundform","2.2.3.","Mahl- und Schleifsteine, Pfeilschaftglaetter und Roetel","2.2.3.6.","Klopfspuren","orientierung_retuschiernarben_fels","Orientierung der Retuschiernarben",,"nominal","character",,1,161,161,"Nach Zimmermann (1988, 591 f.)."
"FB2_69",69,2,"B","Angaben je nach Grundform","2.2.4.","Dechsel und Beile","2.2.4.10.","Klopfspuren","orientierung_retuschiernarben_dechsel_beil","Orientierung der Retuschiernarben",,"nominal","character",,1,161,161,"Nach Zimmermann (1988, 596)."
"FB2_70",70,2,"B","Angaben je nach Grundform","2.2.2.","Kerne","2.2.2.4.","Schlagflaechen","anzahl_schlagflaechen","Anzahl der Schlagflaechen",,"cardinal","integer",,1,172,172,"Nach Zimmermann (1988, 588)."
"FB2_71",71,2,"B","Angaben je nach Grundform","2.2.2.","Kerne","2.2.2.4.","Schlagflaechen","oberflaeche_schlagflaeche","Oberflaechenart der Schlagflaechen bzw. der groessten",,"nominal","character",,1,173,173,"Nach Zimmermann (1988, 588), ergaenzt."
"FB2_72",72,2,"B","Angaben je nach Grundform","2.2.2.","Kerne","2.2.2.5.","Abbauflaechen","anzahl_abbauflaechen","Anzahl der Abbauflaechen",,"cardinal","integer",,1,174,174,"Nach Zimmermann (1988, 588)."
"FB2_73",73,2,"B","Angaben je nach Grundform","2.2.2.","Kerne","2.2.2.5.","Abbauflaechen","abbaurichtung_abbauflaechen","Abbaurichtung der (groessten) Abbauflaeche",,"nominal","character",,1,175,175,"Nach Zimmermann (1988, 588)."
"FB2_74",74,2,"B","Angaben je nach Grundform","2.2.2.","Kerne","2.2.2.6.","Metrik","laenge_max_sf","Laenge der (groessten) SF",,"cardinal","double","mm",3,176,178,"Nach Zimmermann (1988, 588), ergaenzt."
"FB2_75",75,2,"B","Angaben je nach Grundform","2.2.2.","Kerne","2.2.2.6.","Metrik","breite_max_sf","Breite der (groessten) SF",,"cardinal","double","mm",3,179,181,"Nach Zimmermann (1988, 588), ergaenzt."
"FB2_76",76,2,"C","Angaben je nach Grundform","2.2.3.","Mahl- und Schleifsteine, Pfeilschaftglaetter und Roetel","2.2.3.1.","Zurichtung","zurichtung_seiten","Zurichtung der Seiten (insgesamt auf allen erhaltenen Seiten)",,"nominal","character",,1,182,182,"Nach Zimmermann (1988, 589)."
"FB2_77",77,2,"C","Angaben je nach Grundform","2.2.3.","Mahl- und Schleifsteine, Pfeilschaftglaetter und Roetel","2.2.3.1.","Zurichtung","zurichung_unterseite","Zurichtung der Unterseite (gegenueber der Arbeitsflaeche)",,"nominal","character",,1,183,183,"Nach Zimmermann (1988, 590)."
"FB2_78",78,2,"C","Angaben je nach Grundform","2.2.3.","Mahl- und Schleifsteine, Pfeilschaftglaetter und Roetel","2.2.3.2.","Roetelspuren","lage_roetel","Lage der Roetelspuren",,"nominal","character",,1,184,184,"Nach Zimmermann (1988, 590)."
"FB2_79",79,2,"C","Angaben je nach Grundform","2.2.3.","Mahl- und Schleifsteine, Pfeilschaftglaetter und Roetel","2.2.3.3.","Laengsschnitt zu den Arbeitsspuren","laengsschnitt_arbeitsflaeche_spuren_1","Laengsschnitt der Arbeitsflaeche im Verhaeltnis zu den Arbeitsspuren (das sind Riefen in Bewegungsrichtung)",,"nominal","character",,1,185,185,"Nach Zimmermann (1988, 590)."
"FB2_80",80,2,"C","Angaben je nach Grundform","2.2.3.","Mahl- und Schleifsteine, Pfeilschaftglaetter und Roetel","2.2.3.3.","Laengsschnitt zu den Arbeitsspuren","laengsschnitt_arbeitsflaeche_spuren_2","Laengsschnitt der zweiten Arbeitsflaeche im Verhaeltnis zu den Arbeitsspuren",,"nominal","character",,1,186,186,"Nach Zimmermann (1988, 590)."
"FB2_81",81,2,"C","Angaben je nach Grundform","2.2.3.","Mahl- und Schleifsteine, Pfeilschaftglaetter und Roetel","2.2.3.4.","Schleifmulden/Rillen","anzahl_schleifmulden","Anzahl der Schleifmulden oder Rillen (von 1-8)",,"cardinal","integer",,1,187,187,"Nach Zimmermann (1988, 591)."
"FB2_82",82,2,"C","Angaben je nach Grundform","2.2.3.","Mahl- und Schleifsteine, Pfeilschaftglaetter und Roetel","2.2.3.5.","Querschnitt zu den Arbeitsspuren","querschnitt_spuren_arbeitsflaeche_1","Schnitt quer zu den Arbeitsspuren auf der ersten Flaeche",,"cardinal","integer",,1,188,188,"Nach Zimmermann (1988, 591)."
"FB2_83",83,2,"C","Angaben je nach Grundform","2.2.3.","Mahl- und Schleifsteine, Pfeilschaftglaetter und Roetel","2.2.3.5.","Querschnitt zu den Arbeitsspuren","querschnitt_spuren_arbeitsflaeche_2","Schnitt quer zu den Arbeitsspuren auf der zweiten Flaeche",,"nominal","character",,1,189,189,"Nach Zimmermann (1988, 591)."
"FB2_84",84,2,"C","Angaben je nach Grundform","2.2.3.","Mahl- und Schleifsteine, Pfeilschaftglaetter und Roetel","2.2.3.7.","Zustand der Mahl- oder Schleifflaeche","zustand_arbeitsflaeche_1","Zustand der ersten Mahl- oder Schleifflaeche (Art der Zurichtung)",,"nominal","character",,1,190,190,"Nach Zimmermann (1988, 592)."
"FB2_85",85,2,"C","Angaben je nach Grundform","2.2.3.","Mahl- und Schleifsteine, Pfeilschaftglaetter und Roetel","2.2.3.7.","Zustand der Mahl- oder Schleifflaeche","zustand_arbeitsflaeche_2","Zustand der zweiten Mahl- oder Schleifflaeche (Art der Zurichtung)",,"nominal","character",,1,191,191,"Nach Zimmermann (1988, 592). Neu."
"FB2_86",86,2,"C","Angaben je nach Grundform","2.2.3.","Mahl- und Schleifsteine, Pfeilschaftglaetter und Roetel","2.2.3.8.","Erhaltung","erhaltung_schleifstein","Erhaltung des Mahl- oder Schleifsteins",,"nominal","character",,1,192,192,"Nach Zimmermann (1988, 592), ergaenzt."
"FB2_87",87,2,"C","Angaben je nach Grundform","2.2.3.","Mahl- und Schleifsteine, Pfeilschaftglaetter und Roetel","2.2.3.9.","Richtung Arbeitsspuren","richtung_arbeitsspuren","Richtung der Arbeitsspuren zur Kante",,"nominal","character",,1,193,193,"Nach Zimmermann (1988, 592)."
"FB2_88",88,2,"C","Angaben je nach Grundform","2.2.3.","Mahl- und Schleifsteine, Pfeilschaftglaetter und Roetel","2.2.3.10.","Quer- und Laengsschnitte","querschnitt_arbeitsflaeche_1","Querschnitt der ersten Arbeitsflaeche",,"nominal","character",,1,194,194,"Nach Zimmermann (1988, 592 f.)."
"FB2_89",89,2,"C","Angaben je nach Grundform","2.2.3.","Mahl- und Schleifsteine, Pfeilschaftglaetter und Roetel","2.2.3.10.","Quer- und Laengsschnitte","laengsschnitt_arbeitsflaeche_1","Laengsschnitt der ersten Arbeitsflaeche",,"nominal","character",,1,195,195,"Nach Zimmermann (1988, 593)."
"FB2_90",90,2,"C","Angaben je nach Grundform","2.2.3.","Mahl- und Schleifsteine, Pfeilschaftglaetter und Roetel","2.2.3.10.","Quer- und Laengsschnitte","querschnitt_arbeitsflaeche_2","Querschnitt der zweiten Arbeitsflaeche",,"nominal","character",,1,196,196,"Nach Zimmermann (1988, 593)."
"FB2_91",91,2,"C","Angaben je nach Grundform","2.2.3.","Mahl- und Schleifsteine, Pfeilschaftglaetter und Roetel","2.2.3.10.","Quer- und Laengsschnitte","laengsschnitt_arbeitsflaeche_2","Laengsschnitt der zweiten Arbeitsflaeche",,"nominal","character",,1,197,197,"Nach Zimmermann (1988, 593)."
"FB2_92",92,2,"C","Angaben je nach Grundform","2.2.3.","Mahl- und Schleifsteine, Pfeilschaftglaetter und Roetel","2.2.3.11.","Gebrauch","handgriffglanz","'Handgriffglanz' (speckiger Glanz)",,"nominal","character",,1,198,198,"Nach Zimmermann (1988, 593), ergaenzt."
"FB2_93",93,2,"C","Angaben je nach Grundform","2.2.3.","Mahl- und Schleifsteine, Pfeilschaftglaetter und Roetel","2.2.3.12.","Andere Stuecke","querschnitt_rillen","Querschnitt der Rillen",,"nominal","character",,1,199,199,"Nach Zimmermann (1988, 593)."
"FB2_94",94,2,"C","Angaben je nach Grundform","2.2.3.","Mahl- und Schleifsteine, Pfeilschaftglaetter und Roetel","2.2.3.12.","Andere Stuecke","roetel_natuerliche_flaechen","Anteil der natuerlichen Flaechen bei Roetel",,"nominal","character",,1,200,200,"Nach Zimmermann (1988, 593)."
"FB2_95",95,2,"D","Angaben je nach Grundform","2.2.4.","Dechsel und Beile","2.2.4.1.","Erhaltung","erhaltung_dechsel_beil","Erhaltung Dechsel- bzw. Beilteil",,"nominal","character",,1,201,201,"Nach Zimmermann (1988, 594), ergaenzt mit Luebke (2000, 417): Geraeteteil/Geraeteerhaltung."
"FB2_96",96,2,"D","Angaben je nach Grundform","2.2.4.","Dechsel und Beile","2.2.4.1.","Erhaltung","erhaltung_seitenflaechen","Erhaltungszustand der Seitenflaechen",,"nominal","character",,1,202,202,"Nach Luebke (2000, 416), veraendert."
"FB2_97",97,2,"D","Angaben je nach Grundform","2.2.4.","Dechsel und Beile","2.2.4.2.","Querschnitt","erhaltung_querschnitt","Erhaltung des Querschnitts",,"nominal","character",,1,203,203,"Nach Zimmermann (1988, 594)."
"FB2_98",98,2,"D","Angaben je nach Grundform","2.2.4.","Dechsel und Beile","2.2.4.2.","Querschnitt","querschnitt_art","Art des Querschnitts",,"nominal","character",,1,204,204,"Nach Zimmermann (1988, 594 f.)."
"FB2_99",99,2,"D","Angaben je nach Grundform","2.2.4.","Dechsel und Beile","2.2.4.2.","Querschnitt","querschnitt_mitte","Querschnitt (in der Mitte)",,"nominal","character",,1,205,205,"Nach Luebke (2000, 417); Abb. 5."
"FB2_100",100,2,"D","Angaben je nach Grundform","2.2.4.","Dechsel und Beile","2.2.4.2.","Querschnitt","querschnitt_viereck_oberseitenform","Bei viereckigen Querschnitten: Oberseitenform",,"nominal","character",,1,206,206,"Drafehn/Bradtmoeller/Mischka (2008); Abb. 6."
"FB2_101",101,2,"D","Angaben je nach Grundform","2.2.4.","Dechsel und Beile","2.2.4.2.","Querschnitt","querschnitt_viereck_unterseitenform","Bei viereckigen Querschnitten: Unterseitenform",,"nominal","character",,1,207,207,"Drafehn/Bradtmoeller/Mischka (2008); Abb. 7."
"FB2_102",102,2,"D","Angaben je nach Grundform","2.2.4.","Dechsel und Beile","2.2.4.2.","Querschnitt","querschnitt_viereck_schmalseite_links","Bei viereckigen Querschnitten: Formen der linken Schmalseite",,"nominal","character",,1,208,208,"Drafehn/Bradtmoeller/Mischka (2008); Abb. 8."
"FB2_103",103,2,"D","Angaben je nach Grundform","2.2.4.","Dechsel und Beile","2.2.4.2.","Querschnitt","querschnitt_viereck_schmalseite_rechts","Bei viereckigen Querschnitten: Formen der rechten Schmalseite",,"nominal","character",,1,209,209,"Drafehn/Bradtmoeller/Mischka (2008); Abb. 9."
"FB2_104",104,2,"D","Angaben je nach Grundform","2.2.4.","Dechsel und Beile","2.2.4.3.","Nacken","nackenbreite","Nackenbreite (2 cm unterhalb des Nackenendes)",,"cardinal","double","mm",3,210,212,"Nach Luebke (2000, 417), nach Nielsen (1977, 64)."
"FB2_105",105,2,"D","Angaben je nach Grundform","2.2.4.","Dechsel und Beile","2.2.4.3.","Nacken","nackendicke","Nackendicke (2 cm unterhalb des Nackenendes)",,"cardinal","double","mm",3,213,215,"Nach Nielsen (1977, 64)."
"FB2_106",106,2,"D","Angaben je nach Grundform","2.2.4.","Dechsel und Beile","2.2.4.3.","Nacken","nackenform","Nackenform (Blick auf Nackenflaeche)",,"nominal","character",,1,216,216,"Nach Luebke (2000, 417), veraendert und ergaenzt; Drafehn/Bradtmoeller/Mischka (2008), Abb. 10."
"FB2_107",107,2,"D","Angaben je nach Grundform","2.2.4.","Dechsel und Beile","2.2.4.3.","Nacken","nackenflaeche","Nackenflaechengestaltung (Blick auf Nackenflaeche)",,"nominal","character",,1,217,217,"Nach Luebke (2000, 416)."
"FB2_108",108,2,"D","Angaben je nach Grundform","2.2.4.","Dechsel und Beile","2.2.4.3.","Nacken","nackenaufsicht","Nackenaufsicht (Stueck liegt auf Breitseite)",,"nominal","character",,1,218,218,"Drafehn/Bradtmoeller/Mischka (2008); Abb. 11."
"FB2_109",109,2,"D","Angaben je nach Grundform","2.2.4.","Dechsel und Beile","2.2.4.4.","Schneide","schneidenbreite","Schneidenbreite",,"cardinal","double","mm",3,219,221,"Nach Luebke (2000, 417)."
"FB2_110",110,2,"D","Angaben je nach Grundform","2.2.4.","Dechsel und Beile","2.2.4.4.","Schneide","schneidenform","Schneidenform bzw. Schneidenverlauf",,"nominal","character",,1,222,222,"Nach Luebke (2000, 417), ergaenzt mit Luebke (2000, 416); Drafehn/Bradtmoeller/Mischka (2008), Abb. 12."
"FB2_111",111,2,"D","Angaben je nach Grundform","2.2.4.","Dechsel und Beile","2.2.4.4.","Schneide","gebrauchsspuren_schneide","Gebrauchsspuren (Schneide und Nacken)",,"nominal","character",,1,223,223,"Nach Luebke (2000, 417)."
"FB2_112",112,2,"D","Angaben je nach Grundform","2.2.4.","Dechsel und Beile","2.2.4.4.","Schneide","scheidenzurichtung","Schneidenzurichtung",,"nominal","character",,1,224,224,"Nach Luebke (2000, 417)."
"FB2_113",113,2,"D","Angaben je nach Grundform","2.2.4.","Dechsel und Beile","2.2.4.4.","Schneide","schneidenschiefe","Schneidenschiefe",,"nominal","character",,1,225,225,"Drafehn/Bradtmoeller/Mischka (2008); Abb. 13."
"FB2_114",114,2,"D","Angaben je nach Grundform","2.2.4.","Dechsel und Beile","2.2.4.5.","Breitseite","breitseite","Breitseite (Aufsicht)",,"nominal","character",,1,226,226,"Nach Luebke (2000, 417); Drafehn/Bradtmoeller/Mischka (2008); Abb. 14."
"FB2_115",115,2,"D","Angaben je nach Grundform","2.2.4.","Dechsel und Beile","2.2.4.5.","Breitseite","aufsicht_links","Aufsicht linke Seite (Stueck liegt auf Breitseite)",,"nominal","character",,1,227,227,"Drafehn/Bradtmoeller/Mischka (2008); Abb. 15."
"FB2_116",116,2,"D","Angaben je nach Grundform","2.2.4.","Dechsel und Beile","2.2.4.5.","Breitseite","aufsicht_rechts","Aufsicht rechte Seite (Stueck liegt auf Breitseite)",,"nominal","character",,1,228,228,"Drafehn/Bradtmoeller/Mischka (2008); Abb. 16."
"FB2_117",117,2,"D","Angaben je nach Grundform","2.2.4.","Dechsel und Beile","2.2.4.5.","Breitseite","breitseite_woelbung","Breitseitenwoelbung",,"nominal","character",,1,229,229,"Nach Luebke (2000, 416)."
"FB2_118",118,2,"D","Angaben je nach Grundform","2.2.4.","Dechsel und Beile","2.2.4.6.","Schmalseite","anzahl_grate","Anzahl der Grate",,"cardinal","integer",,1,230,230,"Nach Luebke (2000, 417)."
"FB2_119",119,2,"D","Angaben je nach Grundform","2.2.4.","Dechsel und Beile","2.2.4.6.","Schmalseite","schmalseite_verlauf","Schmalseitenverlauf (Aufsicht auf Breitseite)",,"nominal","character",,1,231,231,"Nach Luebke (2000, 416); Drafehn/Bradtmoeller/Mischka (2008); Abb. 17."
"FB2_120",120,2,"D","Angaben je nach Grundform","2.2.4.","Dechsel und Beile","2.2.4.6.","Schmalseite","schmalseite_form","Schmalseitenform (Aufsicht auf Schmalseite)",,"nominal","character",,1,232,232,"Drafehn/Bradtmoeller/Mischka (2008); Abb. 18. "
"FB2_121",121,2,"D","Angaben je nach Grundform","2.2.4.","Dechsel und Beile","2.2.4.6.","Schmalseite","schmalseite_bearbeitung","Schmalseitenbearbeitung",,"nominal","character",,1,233,233,"Drafehn/Bradtmoeller/Mischka (2008)."
"FB2_122",122,2,"D","Angaben je nach Grundform","2.2.4.","Dechsel und Beile","2.2.4.6.","Schmalseite","max_breite_schmalseite","Groesste Breite der Schmalseite",,"cardinal","double","mm",3,234,236,"Nach Nielsen (1977, 63-64)."
"FB2_123",123,2,"D","Angaben je nach Grundform","2.2.4.","Dechsel und Beile","2.2.4.6.","Schmalseite","lage_max_dicke","Lage groesste Dicke (gemessen vom Nacken aus)",,"cardinal","double","mm",3,237,239,"Nach Nielsen (1977, 63-64)."
"FB2_124",124,2,"D","Angaben je nach Grundform","2.2.4.","Dechsel und Beile","2.2.4.6.","Schmalseite","schmalseitenwinkel","Schmalseitenwinkel",,"cardinal","integer","Grad",3,240,242,"Nach Malmer (1962, 361), nach Nielsen (1977, 63-64)."
"FB2_125",125,2,"D","Angaben je nach Grundform","2.2.4.","Dechsel und Beile","2.2.4.6.","Schmalseite","zustand_laengskanten","Zustand der Laengskanten (Kanten zw. Breit- und Schmalseite) und Nackenkanten",,"nominal","character",,1,243,243,"Drafehn/Bradtmoeller/Mischka (2008)."
"FB2_126",126,2,"D","Angaben je nach Grundform","2.2.4.","Dechsel und Beile","2.2.4.7.","Schliff","lage_breitseitenschliff","Lage Breitseitenschliff (Aufsicht auf Breitseite)",,"nominal","character",,1,244,244,"Drafehn/Bradtmoeller/Mischka (2008)."
"FB2_127",127,2,"D","Angaben je nach Grundform","2.2.4.","Dechsel und Beile","2.2.4.7.","Schliff","lage_schmalseitenschliff","Lage Schmalseitenschliff",,"nominal","character",,1,245,245,"Drafehn/Bradtmoeller/Mischka (2008)."
"FB2_128",128,2,"D","Angaben je nach Grundform","2.2.4.","Dechsel und Beile","2.2.4.7.","Schliff","art_breitseitenschliff","Art des Breitseitenschliffs",,"nominal","character",,1,246,246,"Nach Luebke (2000, 416), ergaenzt."
"FB2_129",129,2,"D","Angaben je nach Grundform","2.2.4.","Dechsel und Beile","2.2.4.7.","Schliff","art_schmalseitenschliff","Art des Schmalseitenschliffs",,"nominal","character",,1,247,247,"Nach Luebke (2000, 416), ergaenzt."
"FB2_130",130,2,"D","Angaben je nach Grundform","2.2.4.","Dechsel und Beile","2.2.4.7.","Schliff","zustand_schliff","Zustand des Schliffs",,"nominal","character",,1,248,248,"Drafehn/Bradtmoeller/Mischka (2008)."
"FB2_131",131,2,"D","Angaben je nach Grundform","2.2.4.","Dechsel und Beile","2.2.4.7.","Schliff","hohlschliff","Hohlschliff",,"nominal","character",,1,249,249,"Drafehn/Bradtmoeller/Mischka (2008)."
"FB2_132",132,2,"D","Angaben je nach Grundform","2.2.4.","Dechsel und Beile","2.2.4.8.","Umriss","umriss_symmetrie","Symmetrie des Umrisses",,"nominal","character",,1,250,250,"Nach Zimmermann (1988, 594)."
"FB2_133",133,2,"D","Angaben je nach Grundform","2.2.4.","Dechsel und Beile","2.2.4.9.","Um- / Nacharbeitung","bruchflaechen_sekundaer_mod","Ueberschliffene Bruchflaechen (oder sekundaere Umgestaltung)",,"nominal","character",,1,251,251,"Nach Zimmermann (1988, 595)."
"FB2_134",134,2,"D","Angaben je nach Grundform","2.2.4.","Dechsel und Beile","2.2.4.9.","Um- / Nacharbeitung","umarbeitung","Um- / Nacharbeitung",,"nominal","character",,1,252,252,"Drafehn/Bradtmoeller/Mischka (2008)."
"FB2_135",135,2,"D","Angaben je nach Grundform","2.2.4.","Dechsel und Beile","2.2.4.9.","Um- / Nacharbeitung","spaltrichtung_rohmaterial","Spaltrichtung des Rohmaterials",,"nominal","character",,1,253,253,"Nach Zimmermann (1988, 595)."
"FB3_7",7,3,,"Geraeteaufnahme","2.4.1.","SAP-Geraeteaufnahme",,,"art_mod","Art der Modifikation",,"nominal","character",,2,26,27,"Nach Zimmermann (1988, 599)."
"FB3_8",8,3,,"Geraeteaufnahme","2.4.1.","SAP-Geraeteaufnahme","2.4.1.2.","Einfache Modifikation","koords_1bis3_1","Koordinaten von Punkt 1-3",,"nominal","character",,18,28,45,"Nach Zimmermann (1988, 599 f.), veraendert."
"FB3_9",9,3,,"Geraeteaufnahme","2.4.1.","SAP-Geraeteaufnahme","2.4.1.2.","Einfache Modifikation","max_tiefe_dorsal_1","Max. Tiefe dorsal",,"cardinal","double","mm",2,46,47,"Nach Zimmermann (1988, 600)."
"FB3_10",10,3,,"Geraeteaufnahme","2.4.1.","SAP-Geraeteaufnahme","2.4.1.2.","Einfache Modifikation","max_tiefe_ventral_1","Max. Tiefe ventral",,"cardinal","double","mm",2,48,49,"Nach Zimmermann (1988, 600)."
"FB3_11",11,3,,"Geraeteaufnahme","2.4.1.","SAP-Geraeteaufnahme","2.4.1.2.","Einfache Modifikation","richtung_beidflaechige_retusche_1","Richtung bei beidflaechiger Retuschierung",,"nominal","character",,1,50,50,"Nach Luebke 2000, veraendert."
"FB3_12",12,3,,"Geraeteaufnahme","2.4.1.","SAP-Geraeteaufnahme","2.4.1.2.","Einfache Modifikation","erhaltung_mod_1","Erhaltung der Modifikation",,"nominal","character",,1,51,51,"Nach Zimmermann (1988, 600)."
"FB3_13",13,3,,"Geraeteaufnahme","2.4.1.","SAP-Geraeteaufnahme","2.4.1.2.","Einfache Modifikation","koords_4bis6_2","Koordinaten von Punkt 4-6",,"nominal","character",,18,52,69,"Nach Zimmermann (1988, 600), veraendert."
"FB3_14",14,3,,"Geraeteaufnahme","2.4.1.","SAP-Geraeteaufnahme","2.4.1.2.","Einfache Modifikation","max_tiefe_dorsal_2","Max. Tiefe dorsal",,"cardinal","double","mm",2,70,71,"Nach Zimmermann (1988, 600)."
"FB3_15",15,3,,"Geraeteaufnahme","2.4.1.","SAP-Geraeteaufnahme","2.4.1.2.","Einfache Modifikation","max_tiefe_ventral_2","Max Tiefe ventral",,"cardinal","double","mm",2,72,73,"Nach Zimmermann (1988, 600)."
"FB3_16",16,3,,"Geraeteaufnahme","2.4.1.","SAP-Geraeteaufnahme","2.4.1.2.","Einfache Modifikation","richtung_beidflaechige_retusche_2","Richtung bei beidflaechiger Retuschierung",,"nominal","character",,1,74,74,"Nach Luebke, veraendert."
"FB3_17",17,3,,"Geraeteaufnahme","2.4.1.","SAP-Geraeteaufnahme","2.4.1.2.","Einfache Modifikation","erhaltung_mod_2","Erhaltung der Modifikation",,"nominal","character",,1,75,75,"Nach Zimmermann (1988, 600)."
"FB3_18",18,3,,"Geraeteaufnahme","2.4.2.","Spezielle Angaben zu Lateralretuschen, Endretuschen, Bohrern und Sticheln",,,"form_mod","Form der Modifikation",,"nominal","character",,2,76,77,"Hartz (1999) und Luebke (2000)"
"FB3_19",19,3,,"Geraeteaufnahme","2.4.2.","Spezielle Angaben zu Lateralretuschen, Endretuschen, Bohrern und Sticheln","2.4.2.1.","Bohrer","dicke_mod_ende_bohrer","Dicke des modifizierten Endes bei Bohrern",,"cardinal","double","mm",2,78,79,"Hartz (1999) und Luebke (2000)"
"FB3_20",20,3,,"Geraeteaufnahme","2.4.2.","Spezielle Angaben zu Lateralretuschen, Endretuschen, Bohrern und Sticheln","2.4.2.1.","Bohrer","querschnitt_mod_ende_bohrer","Querschnitt des modifizierten Endes bei Bohrern",,"nominal","character",,1,80,80,"Hartz (1999) und Luebke (2000)"
"FB3_21",21,3,,"Geraeteaufnahme","2.4.2.","Spezielle Angaben zu Lateralretuschen, Endretuschen, Bohrern und Sticheln","2.4.2.2.","Stichel","lage_mod_ende_stichel","Lage des modifizierten Endes bei Sticheln",,"nominal","character",,1,81,81,"Hartz (1999) und Luebke (2000)"
"FB3_22",22,3,,"Geraeteaufnahme","2.4.2.","Spezielle Angaben zu Lateralretuschen, Endretuschen, Bohrern und Sticheln","2.4.2.2.","Stichel","form_stichelplattform","Form der Stichelplattform",,"nominal","character",,1,82,82,"Hartz (1999) und Luebke (2000)"
"FB3_23",23,3,,"Geraeteaufnahme","2.4.2.","Spezielle Angaben zu Lateralretuschen, Endretuschen, Bohrern und Sticheln","2.4.2.2.","Stichel","lage_stichelbahn","Lage der Stichelbahn",,"nominal","character",,1,83,83,"Hartz (1999) und Luebke (2000)"
"FB3_24",24,3,,"Geraeteaufnahme","2.4.2.","Spezielle Angaben zu Lateralretuschen, Endretuschen, Bohrern und Sticheln","2.4.2.2.","Stichel","verlauf_stichelbahn","Verlauf der Stichelbahn",,"nominal","character",,1,84,84,"Hartz (1999) und Luebke (2000)"
"FB3_25",25,3,,"Geraeteaufnahme","2.4.2.","Spezielle Angaben zu Lateralretuschen, Endretuschen, Bohrern und Sticheln","2.4.2.2.","Stichel","anzahl_stichelschlaege","Anzahl der Stichelschlaege",,"cardinal","integer",,1,85,85,"Hartz (1999) und Luebke (2000)"
"FB3_26",26,3,,"Geraeteaufnahme","2.4.2.","Spezielle Angaben zu Lateralretuschen, Endretuschen, Bohrern und Sticheln","2.4.2.2.","Stichel","nachschaerfung_stichel","Nachschaerfungen bei Sticheln",,"nominal","character",,1,86,86,"Hartz (1999) und Luebke (2000)"
"FB4_7",7,4,,"Mikrolithen","2.5.3.","Typologie",,,"form_klasse","Klassifikation der Form",,"nominal","character",,4,26,29,"Drafehn (2014)."
"FB4_8",8,4,,"Mikrolithen","2.5.4.","Schlagrichtung und Symmetrie",,,"lage_schlagpunkt","Lage des Schlagpunktes bei Orientierung nach Vorschrift",,"nominal","character",,1,30,30,"Nach Drafehn (2004, 11), veraendert."
"FB4_9",9,4,,"Mikrolithen","2.5.4.","Schlagrichtung und Symmetrie",,,"symmetrie","Symmetrie/Lateralisation",,"nominal","character",,1,31,31,"Nach Drafehn (2004, 9; Abb. 20, Mitte)."
"FB4_10",10,4,,"Mikrolithen","2.5.5.","Beschreibung der Kanten",,,"lage_retuschierte_kanten","Lage der retuschierten Kanten",,"nominal","character",,3,32,34,"Drafehn/Bradtmoeller/Mischka (2008)."
"FB4_11",11,4,,"Mikrolithen","2.5.5.","Beschreibung der Kanten",,,"beschreibung_returschierte_kanten","Beschreibung der retuschierten Kanten (Art-Lage-Auspraegung)",,"nominal","character",,28,35,62,"Drafehn/Bradtmoeller/Mischka (2008), nach Drafehn (2004, 9 ff.)."
"FB4_12",12,4,,"Mikrolithen","2.5.6.","Herstellungsreste und Gebrauch",,,"kerbbruch","Art, Lage und Auspraegung von Kerbbruch /-schlag",,"nominal","character",,2,63,64,"Drafehn/Bradtmoeller/Mischka (2008), nach Gehlen/Fischer (in Vorb.)."
"FB4_13",13,4,,"Mikrolithen","2.5.6.","Herstellungsreste und Gebrauch",,,"gebrauchsspuren","Art und Lage von Gebrauchsspuren und Schaeftungsmittelresten",,"nominal","character",,8,65,72,"Drafehn/Bradtmoeller/Mischka (2008), nach Gehlen/Fischer (in Vorb.)."
"FB4_14",14,4,,"Mikrolithen","2.5.6.","Herstellungsreste und Gebrauch",,,"brueche","Art und Lage von Bruechen",,"nominal","character",,8,73,80,"Drafehn/Bradtmoeller/Mischka (2008), nach Fischer (1984, 22 ff.)."
"FB4_15",15,4,,"Mikrolithen","2.5.7.","Erhaltung",,,"erhaltung_pfeilspitze","Erhaltung der Pfeilspitze im RE",,"nominal","character",,1,81,81,"Nach Zimmermann (1977, 361)."
"FB4_16",16,4,,"Mikrolithen","2.5.8.","Masse",,,"tiefe_retusche","Tiefe der Retusche auf die Flaeche gemessen",,"cardinal","double","mm",8,82,89,"Nach Zimmermann (1977, 362), veraendert."
"FB4_17",17,4,,"Mikrolithen","2.5.8.","Masse",,,"koords","Koordinaten",,"nominal","character",,48,90,137,"Nach Zimmermann (1977, 358 ff.)."
"FB5_7",7,5,,"Kerbreste","2.6.3.","Typen",,,"form_klasse","Klassifikation der Form",,"nominal","character",,1,26,26,"Drafehn/Bradtmoeller/Mischka (2008), Abb. 23."
"FB5_8",8,5,,"Kerbreste","2.6.3.","Typen",,,"lage_kerbung","Lage der Kerbung",,"nominal","character",,1,27,27,"Drafehn/Bradtmoeller/Mischka (2008), Abb. 23."
"FB5_9",9,5,,"Kerbreste","2.6.3.","Typen",,,"neigung_facette","Neigung der Facette",,"nominal","character",,1,28,28,"Drafehn/Bradtmoeller/Mischka (2008), Abb. 23."
"FB5_10",10,5,,"Kerbreste","2.6.3.","Typen",,,"auspraegung_facette","Auspraegung der Facette (Bruch/Schlag)",,"nominal","character",,2,29,30,"Drafehn/Bradtmoeller/Mischka (2008)."
"FB6_4",4,6,,"Zusammenpassungen","2.7.2.","Zusammenpassung",,,"art_zusammenpassung","Art der Zusammenpassung",,"nominal","character",,1,11,11,"Nach Cziesla (1990), veraendert."
"FB6_5",5,6,,"Zusammenpassungen","2.7.2.","Zusammenpassung",,,"artefaktnr_1","Artefaktnummer Stueck 1",,"nominal","character",,5,12,16,"Nach Zimmermann (1988, 572)."
"FB6_6",6,6,,"Zusammenpassungen","2.7.2.","Zusammenpassung",,,"befundnr_1","Stellennummer Stueck 1",,"nominal","character",,5,17,21,"Nach Zimmermann (1988, 572)."
"FB6_7",7,6,,"Zusammenpassungen","2.7.2.","Zusammenpassung",,,"posnr_1","Positionsnummer Stueck 1",,"nominal","character",,5,22,26,"Nach Zimmermann (1988, 572)."
"FB6_8",8,6,,"Zusammenpassungen","2.7.2.","Zusammenpassung",,,"artefaktnr_2","Artefaktnummer Stueck 2",,"nominal","character",,5,27,31,"Nach Zimmermann (1988, 572)."
"FB6_9",9,6,,"Zusammenpassungen","2.7.2.","Zusammenpassung",,,"befundnr_2","Stellennummer Stueck 2",,"nominal","character",,5,32,36,"Nach Zimmermann (1988, 572)."
"FB6_10",10,6,,"Zusammenpassungen","2.7.2.","Zusammenpassung",,,"posnr_2","Positionsnummer Stueck 2",,"nominal","character",,5,37,41,"Nach Zimmermann (1988, 572)."
"FB7_19",19,7,,"Sammelaufnahme","undokumentiert","Sammelaufnahme",,,"sammel_anzahl_unverbrannt","Anzahl Unverbrannt",,"cardinal","integer",,3,44,46,"undokumentiert"
"FB7_20",20,7,,"Sammelaufnahme","undokumentiert","Sammelaufnahme",,,"sammel_anzahl_verbrannt","Anzahl Verbrannt",,"cardinal","integer",,3,47,49,"undokumentiert"
"FB7_21",21,7,,"Sammelaufnahme","undokumentiert","Sammelaufnahme",,,"sammel_anzahl_unbekannt_ob_verbrannt","Anzahl keine Aussauge zum Verbrennungsstatus",,"cardinal","integer",,3,50,52,"undokumentiert"
"FB7_22",22,7,,"Sammelaufnahme","undokumentiert","Sammelaufnahme",,,"sammel_anzahl_ohne_naturflaeche","Anzahl ohne Naturflaechen",,"cardinal","integer",,3,53,55,"undokumentiert"
"FB7_23",23,7,,"Sammelaufnahme","undokumentiert","Sammelaufnahme",,,"sammel_anzahl_kleinereindrittel_naturflaeche","Anzahl bis 1/3 der Flaeche von natuerlichen Flaechen bedeckt ",,"cardinal","integer",,3,56,58,"undokumentiert"
"FB7_24",24,7,,"Sammelaufnahme","undokumentiert","Sammelaufnahme",,,"sammel_anzahl_kleinerzweidrittel_naturflaeche","Anzahl 2/3 der Flaeche von natuerlichen Flaechen bedeckt ",,"cardinal","integer",,3,59,61,"undokumentiert"
"FB7_25",25,7,,"Sammelaufnahme","undokumentiert","Sammelaufnahme",,,"sammel_anzahl_groesserzweidrittel_naturflaeche","Anzahl ueber 2/3 der Flaeche, aber nicht voellig von natuerlichen Flaechen bedeckt",,"cardinal","integer",,3,62,64,"undokumentiert"
"FB7_26",26,7,,"Sammelaufnahme","undokumentiert","Sammelaufnahme",,,"sammel_anzahl_voll_naturflaeche","Anzahl vollstaendig von natuerlichen Flaechen bedeckt",,"cardinal","integer",,3,65,67,"undokumentiert"
"FB7_27",27,7,,"Sammelaufnahme","undokumentiert","Sammelaufnahme",,,"sammel_anzahl_unbekannt_naturflaeche","Anzahl keine Aussage zur natuerlichen Flaechenbedeckung",,"cardinal","integer",,3,68,70,"undokumentiert"
"FB7_38",38,7,,"Sammelaufnahme","undokumentiert","Sammelaufnahme",,,"sammel_anzahl_artefakte","Anzahl aller Artefakte der jeweiligen Sortierungseinheit",,"cardinal","integer",,5,73,77,"undokumentiert"
"FB7_39",39,7,,"Sammelaufnahme","undokumentiert","Sammelaufnahme",,,"sammel_gewicht_artefakte","Gewicht aller Artefakte der jeweiligen Sortierungseinheit",,"cardinal","double","g",5,78,82,"undokumentiert"
"FBG_7",,,,"Sammelaufnahme","undokumentiert","Sammelaufnahme",,,"datierung","Befundatierung",,"nominal","character",,2,,,"undokumentiert"
