"variable_id","variable_number","form_sheet_number","attribute_number","attribute_type","attribute_name","attribute_category_name","attribute_subcategory_name","comment"
"FBG_3",,,0,"unknown","Keine Aussage",,,
"FBG_4",,,0,"unknown","Keine Aussage",,,
"FBG_5",,,0,"unknown","Keine Aussage",,,
"FBG_6",6,1,"1","normal","Formblatt",,,
"FBG_6",6,1,"S1","normal","Sammelaufnahme",,,
"FBG_7",,,"mn","normal","Mittelneolithikum",,,
"FB1_7",7,1,"0","unknown","Keine Aussage",,,
"FB1_8",8,1,"0","unknown","Keine Aussage",,,
"FB1_9",9,1,"0","unknown","Keine Aussage",,,
"FB1_10",10,1,"0","unknown","Keine Aussage",,,
"FB1_11",11,1,"0","unknown","Keine Aussage",,,
"FB1_12",12,1,"0","unknown","Keine Aussage",,,
"FB1_13",13,1,"0","unknown","Keine Aussage",,,
"FB1_13",13,1,"1","normal","Horizontal",,,
"FB1_13",13,1,"2","normal","Schraeg",,,
"FB1_13",13,1,"3","normal","Vertikal",,,
"FB1_14",14,1,"0","unknown","Keine Aussage",,,
"FB1_14",14,1,"1","normal","Lage des Fundstuecks horizontal, Ventralflaeche nach unten",,,
"FB1_14",14,1,"2","normal","Lage des Fundstuecks schraeg, Ventralflaeche nach unten",,,
"FB1_14",14,1,"3","normal","Lage des Fundstuecks horizontal, Ventralflaeche nach oben",,,
"FB1_14",14,1,"4","normal","Lage des Fundstuecks schraeg, Ventralflaeche nach oben",,,
"FB1_14",14,1,"5","normal","Horizontale Lage eines Fundstueckes ohne Ventralflaeche (z.B. Truemmer, Kern)",,,
"FB1_14",14,1,"6","normal","Schraege Lage eines Fundstueckes ohne Ventralflaeche",,,
"FB1_14",14,1,"7","normal","Lage des Fundstuecks senkrecht",,,
"FB1_15",15,1,"0","unknown","Keine Aussage",,,
"FB1_15",15,1,"1","normal","Nord",,,
"FB1_15",15,1,"2","normal","Nordost",,,
"FB1_15",15,1,"3","normal","Ost",,,
"FB1_15",15,1,"4","normal","Suedost",,,
"FB1_15",15,1,"5","normal","Sued",,,
"FB1_15",15,1,"6","normal","Suedwest",,,
"FB1_15",15,1,"7","normal","West",,,
"FB1_15",15,1,"8","normal","Nordwest",,,
"FB1_16",16,1,"9SE","normal","Senonien",,,
"FB1_16",16,1,"09DA","normal","Danien",,,
"FB1_16",16,1,"09TU","normal","Turonien",,,
"FB1_16",16,1,"09HF","normal","Helgolaender Flint",,,
"FB1_16",16,1,"9999","unknown","Keine Aussage",,,
"FB1_17",17,1,"0","unknown","Keine Aussage",,,
"FB1_17",17,1,"1","normal","Schwarz (N2)",,,
"FB1_17",17,1,"2","normal","Dunkelgrau (N3-N5)",,,
"FB1_17",17,1,"3","normal","Hellgrau (N6-N7)",,,
"FB1_17",17,1,"4","normal","Hell-graugruen (5Y6/2)",,,
"FB1_17",17,1,"5","normal","Gruen",,,
"FB1_17",17,1,"6","normal","Hell-graublau (etwa 5B6/1)",,,
"FB1_17",17,1,"7","normal","Graugelb (2.5Y7-8/2-4)",,,
"FB1_17",17,1,"8","normal","Gelb (2.5Y6-7/6-8)",,,
"FB1_17",17,1,"9","normal","Gelbbraun (10YR6-7/3-4(8))",,,
"FB1_17",17,1,"10","normal","Graubraun (10YR4-7/2)",,,
"FB1_17",17,1,"11","normal","Braun (10YR4-5/3-4)",,,
"FB1_17",17,1,"12","normal","Rot (2.5YR3/6)",,,
"FB1_17",17,1,"13","normal","Milchweiss (N8)",,,
"FB1_17",17,1,"14","normal","Farblos durchscheinend",,,
"FB1_17",17,1,"15","normal","Andere Farben",,,
"FB1_17",17,1,"16","unknown","Farbe unbestimmbar",,,
"FB1_18",18,1,"0","unknown","Keine Aussage",,,
"FB1_18",18,1,"1","normal","Matt und koernig",,,
"FB1_18",18,1,"2","normal","Glatt",,,
"FB1_18",18,1,"3","normal","Hochglaenzend, glatt und spiegelnd",,,
"FB1_18",18,1,"4","unknown","Nicht feststellbar",,,
"FB1_19",19,1,"0","normal","Keine Strukturen",,,
"FB1_19",19,1,"1","normal","Grosse weisse Punkte",,,
"FB1_19",19,1,"2","normal","Kleine weisse Punkte",,,
"FB1_19",19,1,"3","normal","Grosse und kleine weisse Punkte",,,
"FB1_19",19,1,"4","normal","Schwarze Flecken",,,
"FB1_19",19,1,"5","normal","Schwarze Flecken und grosse weisse Punkte",,,
"FB1_19",19,1,"6","normal","Schwarze Flecken und kleine weisse Punkte",,,
"FB1_19",19,1,"7","normal","Schwarze Flecken mit grossen und kleinen weissen Punkten",,,
"FB1_19",19,1,"8","unknown","Keine Aussage",,,
"FB1_20",20,1,"0","normal","Keine Rinde",,,
"FB1_20",20,1,"1","normal","Maasei Rinde",,,
"FB1_20",20,1,"2","normal","(duenne rauhe Rinde) oder sonstige glatte Geroellrinde",,,
"FB1_20",20,1,"3","unknown","Unbestimmbare Rinde",,,
"FB1_20",20,1,"4","normal","Kreiderinde (ritzbar)",,,
"FB1_20",20,1,"7","normal","Kreiderinde (duenn, rauh, nicht abgerollt)",,,
"FB1_20",20,1,"5","normal","Sandsteinrinde",,,
"FB1_20",20,1,"6","normal","Geschieberinde",,,
"FB1_20",20,1,"9","unknown","Nicht entscheidbar, ob Rinde vorhanden",,,
"FB1_21",21,1,"0","normal","Keine",,,
"FB1_21",21,1,"1","normal","Sprungflaeche unpatiniert",,,
"FB1_21",21,1,"2","normal","Sprungflaeche patiniert",,,
"FB1_21",21,1,"3","normal","Sprungflaeche patiniert und unpatiniert",,,
"FB1_21",21,1,"4","unknown","Art unbestimmbar",,,
"FB1_21",21,1,"5","unknown","Unbestimmbar, ob natuerliche Sprungflaeche vorhanden",,,
"FB1_22",22,1,"0","normal","Keine natuerlichen Flaechen",,,
"FB1_22",22,1,"1","normal","Abrollung vorhanden",,,
"FB1_22",22,1,"2","absent","Abrollung nicht vorhanden",,,
"FB1_22",22,1,"3","unknown","Nicht entscheidbar, ob Abrollung vorhanden",,,
"FB1_23",23,1,"0","normal","Keine natuerlichen Flaechen",,,
"FB1_23",23,1,"1","normal","Bis 1/3 der Flaeche von natuerlichen Flaechen bedeckt",,,
"FB1_23",23,1,"2","normal","Bis 2/3 der Flaeche von natuerlichen Flaechen bedeckt",,,
"FB1_23",23,1,"3","normal","Ueber 2/3 der Flaeche, aber nicht voellig von natuerlichen Flaechen bedeckt",,,
"FB1_23",23,1,"4","normal","Vollstaendig von natuerlichen Flaechen bedeckt",,,
"FB1_23",23,1,"9","unknown","Keine Aussage",,,
"FB1_24",24,1,"0","normal","Keine thermische Einwirkung",,,
"FB1_24",24,1,"1","normal","Farbaenderung",,,
"FB1_24",24,1,"2","normal","Risse",,,
"FB1_24",24,1,"3","normal","Schalige Ausspruenge",,,
"FB1_24",24,1,"4","normal","Farbaenderung und Risse",,,
"FB1_24",24,1,"5","normal","Farbaenderung und schalige Ausspruenge",,,
"FB1_24",24,1,"6","normal","Risse und schalige Ausspruenge",,,
"FB1_24",24,1,"7","normal","Farbaenderung, Risse und schalige Ausspruenge",,,
"FB1_24",24,1,"8","unknown","Keine Aussage, ob thermische Einwirkung vorhanden",,,
"FB1_24",24,1,"9","normal","Verbrennung nur am Glanzvon Retuschen oder Bruchflaechen erkennbar",,,
"FB1_25",25,1,"0","normal","Keine thermische Einwirkung",,,
"FB1_25",25,1,"1","normal","Rohstoff aufgeheizt",,,
"FB1_25",25,1,"2","normal","Nach Abtrennung der Grundformbzw. dem Abbau als Kern",,,
"FB1_25",25,1,"3","normal","Thermischer Bruch",,,
"FB1_25",25,1,"4","normal","Nach der Modifkation",,,
"FB1_25",25,1,"5","unknown","Unbestimmbar",,,
"FB1_25",25,1,"6","normal","Verbranntes Nicht-Artefakt",,,
"FB1_25",25,1,"7","unknown","Keine Aussage, ob thermische Einwirkung vorhanden",,,
"FB1_26",26,1,"0","unknown","Keine Aussage",,,
"FB1_26",26,1,"1","normal","Vollstaendig",,,
"FB1_26",26,1,"2","normal","Laenge nicht Erhalten",,,
"FB1_26",26,1,"3","normal","Breite nicht erhalten",,,
"FB1_26",26,1,"4","normal","Dicke nicht erhalten",,,
"FB1_26",26,1,"5","normal","Gewicht nicht erhalten",,,
"FB1_26",26,1,"6","normal","Laenge und Breite nicht erhalten",,,
"FB1_26",26,1,"7","normal","Laenge und Dicke nicht erhalten",,,
"FB1_26",26,1,"8","normal","Breite und Dicke nicht erhalten",,,
"FB1_26",26,1,"9","normal","Keine Aussage bzw. alle Masse nicht erhalten",,,
"FB1_27",27,1,"0","unknown","Keine Aussage",,,
"FB1_28",28,1,"0","unknown","Keine Aussage",,,
"FB1_29",29,1,"0","unknown","Keine Aussage",,,
"FB1_30",30,1,"0","unknown","Keine Aussage",,,
"FB1_31",31,1,"0","unknown","Nicht verwendet",,,
"FB1_31",31,1,"1","normal","I",,,
"FB1_31",31,1,"2","normal","II",,,
"FB1_31",31,1,"3","normal","III",,,
"FB1_31",31,1,"4","normal","IV",,,
"FB1_31",31,1,"5","normal","V",,,
"FB1_31",31,1,"6","normal","VI",,,
"FB1_31",31,1,"7","normal","VII",,,
"FB1_31",31,1,"8","normal","VIII",,,
"FB1_32",32,1,"0","normal","Nicht modifziert",,,
"FB1_32",32,1,"1","normal","Laenge sicher erhalten",,,
"FB1_32",32,1,"2","normal","Breite sicher erhalten",,,
"FB1_32",32,1,"3","normal","Laenge und Breite sicher erhalten",,,
"FB1_32",32,1,"4","unknown","Keine Aussage",,,
"FB1_32",32,1,"5","unknown","Nicht entscheidbar",,,
"FB1_33",33,1,"1","normal","Abschlag",,,"nach GF 2 weiter mit Merkmal Nr. 35"
"FB1_33",33,1,"2","normal","Klinge/Klingenbruchstueck",,,"nach GF 2 weiter mit Merkmal Nr. 35"
"FB1_33",33,1,"3","normal","Truemmer",,,"nach GF 2 weiter mit Merkmal Nr. 67.-69"
"FB1_33",33,1,"4","normal","Geroell",,,"nach GF 2 weiter mit Merkmal Nr. 67.-69"
"FB1_33",33,1,"5","normal","Kern",,,"nach GF 2 weiter mit Merkmal Nr. 61"
"FB1_33",33,1,"0","normal","Besondere Geraetekategorie",,,"weiter mit Merkmal Nr. 76, 94 oder 95"
"FB1_33",33,1,"9","unknown","Keine Aussage",,,
"FB1_34",34,1,"0","unknown","Keine Aussage",,,
"FB1_34",34,1,"1","normal","Unregelmaessige Klinge",,,
"FB1_34",34,1,"2","normal","Regelmaessige Klinge",,,
"FB1_34",34,1,"3","normal","Lamelle",,,
"FB1_34",34,1,"4","normal","Stichelabfall",,,
"FB1_34",34,1,"5","normal","Kernfacettierungsabschlag",,,
"FB1_34",34,1,"6","normal","Abspliss",,,
"FB1_34",34,1,"7","normal","Kernscheibe/-tablett",,,
"FB1_34",34,1,"8","normal","Kern, normal (Knolle, Truemmer, Frostscherbe)",,,
"FB1_34",34,1,"9","normal","Kern aus Abschlag",,,
"FB1_34",34,1,"10","normal","Kern aus geschliffenem Beil",,,
"FB1_34",34,1,"11","normal","Siretbruch",,,
"FB1_34",34,1,"12","normal","Artifzieller Truemmer",,,
"FB1_34",34,1,"13","normal","Natuerlicher Truemmer",,,
"FB1_34",34,1,"14","normal","(Hitzetruemmer)",,,
"FB1_34",34,1,"15","normal","Kerntruemmer",,,
"FB1_34",34,1,"16","normal","(Frostsprung)",,,
"FB1_34",34,1,"17","normal","Partieller Kernplattformabschlag",,,
"FB1_34",34,1,"18","normal","Kernseitenabschlag",,,
"FB1_34",34,1,"27","normal","Kernkantenklinge",,,
"FB1_34",34,1,"19","normal","Kernfussabschlag",,,
"FB1_34",34,1,"20","normal","Scheibenbeilabschlag - ueberlaeufer",,,
"FB1_34",34,1,"25","normal","Scheibenbeilabschlag - Schmalseitenzurichtung",,,
"FB1_34",34,1,"21","normal","Schneidenabschlag",,,
"FB1_34",34,1,"22","normal","Abschlag neol. Beilproduktion (allgemein, keine weitere Aussage)",,,
"FB1_34",34,1,"26","normal","Abschlag neol. Beilproduktion (Nachschaerfung)",,,
"FB1_34",34,1,"28","normal","Abschlag neol. Beil (Gebrauch)",,,
"FB1_34",34,1,"23","normal","'En nacelle'-Fragment",,,
"FB1_34",34,1,"24","normal","'Languette'-Proximalfragment",,,
"FB2_35",35,2,"0","unknown","Keine Aussage",,,
"FB2_35",35,2,"1","normal","Vollstaendig",,,
"FB2_35",35,2,"2","normal","Proximalende, Breite vollstaendig",,,
"FB2_35",35,2,"3","normal","Distalende, Breite vollstaendig",,,
"FB2_35",35,2,"4","normal","Medialfragment, Breite vollstaendig",,,
"FB2_35",35,2,"5","normal","In Schlagrichtung vollstaendig, Breite unvollstaendig",,,
"FB2_35",35,2,"6","normal","Proximalende, Breite unvollstaendig",,,
"FB2_35",35,2,"7","normal","Distalende, Breite unvollstaendig",,,
"FB2_35",35,2,"8","normal","Medialfragment, Breite unvollstaendig",,,
"FB2_35",35,2,"9","unknown","Keine Aussage bzw. alle Masse nicht erhalten",,,
"FB2_36","36",2,"0","normal","Wenn Masse in SR = '9',oder wenn keine Wallnerlinien erkennbar sind",,,
"FB2_37","37",2,"0","normal","Wenn Masse in SR = '9',oder wenn keine Wallnerlinien erkennbar sind",,,
"FB2_38",38,2,"0","unknown","Keine Aussage, wenn an Bruchstueckenkeine Wallnerlinien erkennbar",,,
"FB2_38",38,2,"1","normal","Sektor 1",,,
"FB2_38",38,2,"2","normal","Sektor 2",,,
"FB2_38",38,2,"3","normal","Sektor 3",,,
"FB2_38",38,2,"4","normal","Sektor 4",,,
"FB2_38",38,2,"5","normal","Sektor 5",,,
"FB2_38",38,2,"6","normal","Sektor 6",,,
"FB2_38",38,2,"7","normal","Sonderfall 3/4",,,
"FB2_39",39,2,"0","absent","Nicht vorhanden",,,
"FB2_39",39,2,"999","unknown","Keine Aussage (wenn proximal erhalten,aber SW nicht bestimmbar)",,,
"FB2_40",40,2,"0","absent","Nicht vorhanden",,,
"FB2_40",40,2,"1","normal","Bis 1 mm",,,
"FB2_40",40,2,"2","normal","Bis 2 mm",,,
"FB2_40",40,2,"3","normal","Bis 3 mm",,,
"FB2_40",40,2,"4","normal","Bis 4 mm",,,
"FB2_40",40,2,"5","normal","Bis 5 mm",,,
"FB2_40",40,2,"6","normal","Bis 6 mm",,,
"FB2_40",40,2,"7","normal","Bis 7 mm",,,
"FB2_40",40,2,"8","normal","Bis 8 mm",,,
"FB2_40",40,2,"9","normal","Bis 9 mm",,,
"FB2_40",40,2,"X","cat_in_num","10 mm und mehr",,,
"FB2_41",41,2,0,"unknown","Keine Aussage",,,
"FB2_41",41,2,"6","normal","6 Felder",,,
"FB2_41",41,2,"7","normal","7 Felder",,,
"FB2_41",41,2,"8","normal","8 Felder",,,
"FB2_41",41,2,"9","normal","9 Felder",,,
"FB2_41",41,2,"X","normal","10 Felder und mehr",,,
"FB2_42",42,2,"0","normal","Kein SFR vorhanden",,,
"FB2_42",42,2,"1","normal","Rinde oder natuerliche Sprungflaeche",,,
"FB2_42",42,2,"2","normal","Kluft",,,
"FB2_42",42,2,"3","normal","Glatt",,,
"FB2_42",42,2,"4","normal","Primaer facettiert",,,
"FB2_42",42,2,"5","normal","Sekundaer facettiert",,,
"FB2_42",42,2,"6","normal","Unbestimmt facettiert",,,
"FB2_42",42,2,"7","normal","Schliff",,,
"FB2_42",42,2,"8","normal","Zertruemmert",,,
"FB2_42",42,2,"A","normal","Naturflaeche mit primaerer Facettierung",,,
"FB2_42",42,2,"B","normal","Naturflaeche mit sekundaerer Facettierung",,,
"FB2_42",42,2,"C","normal","Primaer und sekundaer facettiert",,,
"FB2_42",42,2,"D","normal","Schliff und primaere Facettierung",,,
"FB2_42",42,2,"E","normal","Schliff und Glatt",,,
"FB2_42",42,2,"F","normal","Rinde und Glatt",,,
"FB2_42",42,2,"9","unknown","Keine Aussage",,,
"FB2_43",43,2,"0","normal","Kein SFR vorhanden",,,
"FB2_43",43,2,"1","normal","Oval/spitzoval",,,
"FB2_43",43,2,"2","normal","Punktfoermig",,,
"FB2_43",43,2,"3","normal","Linear/gratfoermig",,,
"FB2_43",43,2,"4","normal","Dreieckig",,,
"FB2_43",43,2,"5","normal","Rechteckig",,,
"FB2_43",43,2,"6","normal","Unregelmaessig",,,
"FB2_43",43,2,"7","normal","Ventral ausgesplittert",,,
"FB2_43",43,2,"8","normal","Rautenfoermig",,,
"FB2_43",43,2,"A","normal","Gefluegelt",,,
"FB2_43",43,2,"B","normal","'Gewinkelt'",,,
"FB2_43",43,2,"C","normal","Trapezfoermig",,,
"FB2_43",43,2,"9","unknown","Keine Aussage",,,
"FB2_44",44,2,"0","normal","Kein SFR vorhanden",,,
"FB2_44",44,2,"1","normal","Laenge und Breite vollstaendig",,,
"FB2_44",44,2,"2","normal","Breite unvollstaendig, Laenge vollstaendig",,,
"FB2_44",44,2,"3","normal","Laenge unvollstaendig, Breite vollstaendig, ausser Burin de Siret",,,
"FB2_44",44,2,"4","normal","Laenge und Breite unvollstaendig",,,
"FB2_44",44,2,"5","normal","Burin de Siret",,,
"FB2_44",44,2,"6","unknown","Keine Aussage",,,
"FB2_45",45,2,"0","normal","Wenn B kleiner als 1 mm",,,
"FB2_45",45,2,"997","unknown","Keine Aussage",,,
"FB2_45",45,2,"998","cat_in_num","Keine Grenze des SFR erkennbar (Taf. 81,3)",,,
"FB2_45",45,2,"999","cat_in_num","Kein Proximalende erhalten / Kein SFR vorhanden",,,
"FB2_46",46,2,"0","normal","Wenn B kleiner als 1 mm",,,
"FB2_46",46,2,"997","unknown","Keine Aussage",,,
"FB2_46",46,2,"998","cat_in_num","Keine Grenze des SFR erkennbar (Taf. 81,3)",,,
"FB2_46",46,2,"999","cat_in_num","Kein Proximalende erhalten / Kein SFR vorhanden",,,
"FB2_47",47,2,"0","normal","Nicht reduziert",,,
"FB2_47",47,2,"1","normal","Proximal nicht erhalten",,,
"FB2_47",47,2,"4","normal","Reduktion vorhanden",,,
"FB2_47",47,2,"9","unknown","Keine Aussage",,,
"FB2_48",48,2,"0","normal","Keine Lippe",,,
"FB2_48",48,2,"1","normal","Proximal nicht erhalten",,,
"FB2_48",48,2,"2","normal","Durch Modifkation entfernt",,,
"FB2_48",48,2,"3","normal","Durch GSM-Retusche entfernt",,,
"FB2_48",48,2,"4","normal","Lippe vorhanden",,,
"FB2_48",48,2,"5","normal","Schwach ausgepraegte Lippe vorhanden",,,
"FB2_48",48,2,"9","unknown","Keine Aussage",,,
"FB2_49",49,2,"0","normal","Kein Kegel",,,
"FB2_49",49,2,"1","normal","Proximal nicht erhalten",,,
"FB2_49",49,2,"2","normal","Durch Modifkation entfernt",,,
"FB2_49",49,2,"3","normal","Durch GSM-Retusche entfernt",,,
"FB2_49",49,2,"4","normal","Kegel vorhanden",,,
"FB2_49",49,2,"5","normal","Doppelter Kegel",,,
"FB2_49",49,2,"6","normal","Mehrfacher Kegel",,,
"FB2_49",49,2,"9","unknown","Keine Aussage",,,
"FB2_50",50,2,"0","normal","Kein Bulbus",,,
"FB2_50",50,2,"1","normal","Proximal nicht erhalten",,,
"FB2_50",50,2,"2","normal","Durch Modifkation entfernt",,,
"FB2_50",50,2,"3","normal","Durch GSM-Retusche entfernt ",,,
"FB2_50",50,2,"4","normal","Ausgepraegter Bulbus vorhanden",,,
"FB2_50",50,2,"5","normal","Doppelter Bulbus",,,
"FB2_50",50,2,"6","normal","Diffuser Bulbus",,,
"FB2_50",50,2,"9","unknown","Keine Aussage",,,
"FB2_51",51,2,"0","normal","Keine Narbe",,,
"FB2_51",51,2,"1","normal","Proximal nicht erhalten",,,
"FB2_51",51,2,"2","normal","Durch Modifkation entfernt",,,
"FB2_51",51,2,"3","normal","Durch GSM-Retusche entfernt",,,
"FB2_51",51,2,"4","normal","Narbe vorhanden",,,
"FB2_51",51,2,"5","normal","Doppelte Narbe",,,
"FB2_51",51,2,"6","normal","Mehrfache Narbe",,,
"FB2_51",51,2,"7","normal","Ausgesplitterte Narbe",,,
"FB2_51",51,2,"9","unknown","Keine Aussage",,,
"FB2_52",52,2,"0","absent","Schlagaugen nicht vorhanden",,,
"FB2_52",52,2,"1","normal","Proximal nicht erhalten",,,
"FB2_52",52,2,"2","normal","Durch Modifkation entfernt",,,
"FB2_52",52,2,"3","normal","Durch GSM-Retusche entfernt",,,
"FB2_52",52,2,"4","normal","Schlagaugen vorhanden",,,
"FB2_52",52,2,"9","normal","Nicht entscheidbar/keine Aussage",,,
"FB2_53",53,2,"0","normal","Distal nicht erhalten",,,
"FB2_53",53,2,"2","normal","Durch GSM-Retusche entfernt",,,
"FB2_53",53,2,"3","normal","Spitz zulaufend (duenn",,,
"FB2_53",53,2,"33","normal","Spitz zulaufend (dick)",,,
"FB2_53",53,2,"4","normal","Gerade endend (duenn)",,,
"FB2_53",53,2,"44","normal","Gerade endend (dick)",,,
"FB2_53",53,2,"5","normal","Ausgebogen/Angelbruch",,,
"FB2_53",53,2,"6","normal","Stufenbruch",,,
"FB2_53",53,2,"7","normal","Eingebogen/Kernfuss",,,
"FB2_53",53,2,"1","normal","Durch Modifkation entfernt",,,
"FB2_53",53,2,"8","normal","Durch Modifkation reduziert/anret. (= tw. erhalten)",,,
"FB2_53",53,2,"83","normal","Dick",,,
"FB2_53",53,2,"84","normal","Duenn",,,
"FB2_53",53,2,"85","normal","Hinge",,,
"FB2_53",53,2,"9","unknown","Keine Aussage",,,
"FB2_54",54,2,"0","normal","Wenn keine Negative, z.B. nur Rinde oder nurschalige Ausspruenge vorhanden",,,
"FB2_54",54,2,"99","cat_in_num","Wenn nur Negative unter 2 cm vorhanden",,,
"FB2_54",54,2,"98","unknown","Keine Aussage",,,
"FB2_55",55,2,"0","normal","Wenn keine Negative (dieser Art), z.B. nur Rindeoder nur schalige Ausspruenge vorhanden",,,
"FB2_55",55,2,"99","cat_in_num","Wenn nur Negative unter 2 cm vorhanden",,,
"FB2_55",55,2,"98","unknown","Keine Aussage, z.B. bei Felsgesteinabschlaegen",,,
"FB2_55",55,2,"97","cat_in_num","Dorsalflaeche voellig ueberschliffen",,,
"FB2_55",55,2,"96","cat_in_num","Dorsalflaeche partiell ueberschliffen,dann wird Anzahl der Negative nicht aufgenommen",,,
"FB2_56",56,2,"0","normal","Keine Dorsalflaechenpraeparation",,,
"FB2_56",56,2,"1","normal","Praeparation einseitig primaer",,,
"FB2_56",56,2,"2","normal","Praeparation einseitig sekundaer",,,
"FB2_56",56,2,"3","normal","Praeparation beidseitig, 1x primaer, 1x sekundaer",,,
"FB2_56",56,2,"4","normal","Praeparation beidseitig primaer",,,
"FB2_56",56,2,"5","normal","Praeparation einseitig primaer und sekundaer",,,
"FB2_56",56,2,"6","normal","Praeparation beidseitig primaer und sekundaer",,,
"FB2_56",56,2,"7","unknown","Keine Aussage ueber die Art der Praeparation",,,
"FB2_56",56,2,"8","unknown","Keine Aussage, ob Praeparation vorhanden oder nicht",,,
"FB2_57",57,2,"0","normal","Keine Dorsalflaechenpraeparation",,,
"FB2_57",57,2,"1","normal","Gerade verlaufender Praeparationsgrat,ueber ganze Laenge des Stueckes verlaufend",,,
"FB2_57",57,2,"2","normal","Gerade verlaufender Gratueber einen Teil des Stueckes verlaufend ,",,,
"FB2_57",57,2,"3","normal","Halbrund verlaufender Praeparationsgrat",,,
"FB2_57",57,2,"4","normal","Rundlaufender Praeparationsgrat",,,
"FB2_57",57,2,"5","normal","Anders verlaufender Praeparationsgrat",,,
"FB2_57",57,2,"6","unknown","Keine Aussage",,,
"FB2_58",58,2,"0","normal","Keine Dorsalflaechennegative vorhandenbzw. ihr Verlauf nicht erkennbar",,,
"FB2_58",58,2,"1","normal","Gleichgerichtet v (unten) d (unten)",,,
"FB2_58",58,2,"2","normal","Gegenlaeufig v (unten) d (oben)",,,
"FB2_58",58,2,"3","normal","Gemischt (bipolar) v (unten) d (unten) (oben)",,,
"FB2_58",58,2,"4","normal","Gleichgerichtet-Quer v (unten) d (unten) (seitlich)",,,
"FB2_58",58,2,"5","normal","Gegenlaeufig-Quer v (unten) d (unten) (seitlich)",,,
"FB2_58",58,2,"6","normal","Gemischt-Quer v (unten) d (unten) (oben) (seitlich)",,,
"FB2_58",58,2,"7","normal","Quer v (unten) d (seitlich)",,,
"FB2_58",58,2,"8","normal","Konzentrisch",,,
"FB2_58",58,2,"9","normal","Andere Abbaurichtung",,,
"FB2_59",59,2,"0","normal","Nicht modifziert",,,
"FB2_59",59,2,"1","normal","Pfeilspitze/Mikrolith",,,
"FB2_59",59,2,"10","normal","Verrundung einer Kante",,,
"FB2_59",59,2,"11","normal","Verrundung der Grate einer Flaeche",,,
"FB2_59",59,2,"12","normal","Sichelglanz kantenparallel",,,
"FB2_59",59,2,"13","normal","Sichelglanz nicht kantenparallel",,,
"FB2_59",59,2,"14","normal","Zaehnung bei Lackglanz",,,
"FB2_59",59,2,"15","normal","Klopfer/Klopfspuren",,,
"FB2_59",59,2,"16","normal","Schlagnarbenfeld",,,
"FB2_59",59,2,"17","normal","Alter Bruch",,,
"FB2_59",59,2,"19","normal","Grobgeraet",,,
"FB2_59",59,2,"1X","normal","Sichelglanz unbestimmt",,,
"FB2_59",59,2,"2","normal","Bohrer",,,
"FB2_59",59,2,"20","normal","Bruch durch Abschlagen",,,
"FB2_59",59,2,"22","normal","Pickspuren",,,
"FB2_59",59,2,"23","normal","Beil oder Dechsel",,,
"FB2_59",59,2,"24","normal","Schleifstein allgemein",,,
"FB2_59",59,2,"25","normal","Retuscheur",,,
"FB2_59",59,2,"26","normal","Stueck mit unbestimmbarem Schliff",,,
"FB2_59",59,2,"27","normal","Roetelspuren",,,
"FB2_59",59,2,"28","normal","Lochung, Anlochung",,,
"FB2_59",59,2,"29","normal","Ritzen oder Schrammen",,,
"FB2_59",59,2,"2A-L","normal","Retuschearten",,,
"FB2_59",59,2,"3","normal","Spitzklinge",,,
"FB2_59",59,2,"30","normal","Neuer Bruch",,,
"FB2_59",59,2,"31","normal","Feine Gebrauchsspuren",,,
"FB2_59",59,2,"32","normal","Retuschierte Ecke an Bruch grenzend",,,
"FB2_59",59,2,"33","normal","Sonstige Retusche",,,
"FB2_59",59,2,"34","normal","Stichelabfall",,,
"FB2_59",59,2,"35","normal","Kerbrest in Kerbschlagtechnik",,,
"FB2_59",59,2,"36","normal","Mahlstein allgemein",,,
"FB2_59",59,2,"37","normal","Pfeilschaftglaetter",,,
"FB2_59",59,2,"38","normal","Schmaler Glanzsaum",,,
"FB2_59",59,2,"39","normal","Anretuschierter Bulbus",,,
"FB2_59",59,2,"3A-L","normal","Retuschearten",,,
"FB2_59",59,2,"4","normal","Kratzer",,,
"FB2_59",59,2,"40","normal","Laeufer mit verdicktem Ende",,,
"FB2_59",59,2,"42","normal","Pickgruebchen",,,
"FB2_59",59,2,"43","normal","Rillenstein",,,
"FB2_59",59,2,"44","normal","Aussplitterung dorsaler Grate bei Bohrern",,,
"FB2_59",59,2,"45","normal","Querschneider",,,
"FB2_59",59,2,"46","normal","Scheibenbeil",,,
"FB2_59",59,2,"47","normal","Reibstein",,,
"FB2_59",59,2,"48","normal","Schleifwanne",,,
"FB2_59",59,2,"49","normal","Scheibenkeule",,,
"FB2_59",59,2,"4A-L","normal","Retuschearten",,,
"FB2_59",59,2,"5","normal","Endretusche",,,
"FB2_59",59,2,"50","normal","Bohrkern",,,
"FB2_59",59,2,"52","normal","Polituren (kleine spiegelnde Flaechen)",,,
"FB2_59",59,2,"53","normal","Fettglanz (seifg matt glaenzend)",,,
"FB2_59",59,2,"5A-L","normal","Retuschearten",,,
"FB2_59",59,2,"6","normal","Lateralretusche",,,
"FB2_59",59,2,"60","normal","Kernbeil",,,
"FB2_59",59,2,"61","normal","Kerbbruch oder -schlag nicht entscheidbar",,,
"FB2_59",59,2,"62","normal","Buchtung/Kerbe",,,
"FB2_59",59,2,"63","normal","Zaehnung",,,
"FB2_59",59,2,"64","normal","GSM-Retusche (31-artige feine Gebrauchsspuren + 30-neuer Bruch)",,,
"FB2_59",59,2,"65","normal","Negativ",,,
"FB2_59",59,2,"66","normal","Tordierter stichelartiger Ausbruch",,,
"FB2_59",59,2,"67","normal","'burin transversale'",,,
"FB2_59",59,2,"68","normal","Schliff (wenn nur ABS von Beil - bei erkennbaren Beilstuecken = 23)",,,
"FB2_59",59,2,"69","normal","Reste von Schaeftungsmitteln",,,
"FB2_59",59,2,"6A-L","normal","Retuschearten",,,
"FB2_59",59,2,"7","normal","Stichel",,,
"FB2_59",59,2,"70","normal","Flaechenretuschiertes Kerngeraet",,,
"FB2_59",59,2,"71","normal","Glanz auf Bulbus",,,
"FB2_59",59,2,"8","normal","Kerbrest in Kerbbruchtechnik",,,
"FB2_59",59,2,"9","normal","Aussplitterung",,,
"FB2_60",60,2,"0","unknown","Keine Aussage",,,
"FB2_60",60,2,"1","normal","Modifkationsgruppe 1 Modifkation lang",,,
"FB2_60",60,2,"2","normal","Reihenfolge von 2 Modifkationen erkennbar",,,
"FB2_60",60,2,"3","normal","Reihenfolge von 3 Modifkationen erkennbar",,,
"FB2_60",60,2,"4","normal","Reihenfolge von 4 Modifkationen erkennbar",,,
"FB2_60",60,2,"A","normal","Modifkationsgruppe 1 Modifkation lang",,,
"FB2_60",60,2,"B","normal","Reihenfolge von 2 Modifkationen erkennbar",,,
"FB2_60",60,2,"C","normal","Reihenfolge von 3 Modifkationen erkennbar",,,
"FB2_60",60,2,"D","normal","Reihenfolge von 4 Modifkationen erkennbar",,,
"FB2_61",61,2,"0","unknown","Nicht bestimmbar",,,
"FB2_61",61,2,"1","normal","Abschlagkernstein (mind. 2 Neg. >1cm^2)",,,
"FB2_61",61,2,"2","normal","Klingenkern (mind. 2 Klingennegative)",,,
"FB2_61",61,2,"3","normal","Mikroklingenkern (Negativbreite <1cm)",,,
"FB2_62",62,2,"0","unknown","Nicht bestimmbar",,,
"FB2_62",62,2,"1","normal","Konisch",,,
"FB2_62",62,2,"2","normal","Konisch",,,
"FB2_62",62,2,"3","normal","Unregelmaessig",,,
"FB2_62",62,2,"4","normal","Diskoid",,,
"FB2_62",62,2,"5","normal","Spezieller Mikroklingenkern",,,
"FB2_62",62,2,"6","normal","Einseitig, flaechig behauener Kern",,,
"FB2_62",62,2,"7","normal","Einseitig, an der Kante behauene Abschlaege",,,
"FB2_62",62,2,"8","normal","Klingenkern mit flaechiger, kaum gewoelbter Abbauflaeche",,,
"FB2_63",63,2,"0","normal","Keine",,,
"FB2_63",63,2,"99","cat_in_num","Nur Negative unter 2 cm",,,
"FB2_63",63,2,"98","unknown","Keine Aussage",,,
"FB2_64",64,2,"0","normal","Keine",,,
"FB2_64",64,2,"99","cat_in_num","Nur Negative unter 2 cm",,,
"FB2_64",64,2,"98","unknown","Keine Aussage",,,
"FB2_65",65,2,"0","normal","Keine",,,
"FB2_65",65,2,"99","cat_in_num","Nur Negative unter 2 cm",,,
"FB2_65",65,2,"98","unknown","Keine Aussage",,,
"FB2_66",66,2,"0","normal","Keine",,,
"FB2_66",66,2,"99","cat_in_num","Nur Negative unter 2 cm",,,
"FB2_66",66,2,"98","unknown","Keine Aussage",,,
"FB2_67",67,2,"0","normal","Grundform nicht erhalten bzw. keine Klopfspuren vorhanden",,,
"FB2_67",67,2,"1","normal","Einendig",,,
"FB2_67",67,2,"2","normal","Bipolar",,,
"FB2_67",67,2,"3","normal","Einflaechig ausser polar",,,
"FB2_67",67,2,"4","normal","Mehr als bipolar",,,
"FB2_67",67,2,"5","unknown","Unbestimmbar",,,
"FB2_67",67,2,"6","normal","2 Klopffelder, die nicht bipolar angelegt sind",,,
"FB2_67",67,2,"7","normal","An Kante gelegen, umlaufend, vollstaendig",,,
"FB2_67",67,2,"8","normal","An umlaufender Kante, umlaufend, teilweise",,,
"FB2_67",67,2,"9","normal","Nacken",,,
"FB2_68",68,2,"0","normal","Keine",,,
"FB2_68",68,2,"1","normal","Zentral einseitig",,,
"FB2_68",68,2,"2","normal","Zentral zweiseitig",,,
"FB2_68",68,2,"3","normal","Nicht zentral einseitig",,,
"FB2_68",68,2,"4","normal","Nicht zentral zweiseitig",,,
"FB2_68",68,2,"5","normal","Zentral, nicht zentral einseitig",,,
"FB2_68",68,2,"6","normal","Zentral, nicht zentral einseitig",,,
"FB2_68",68,2,"7","normal","Anders",,,
"FB2_68",68,2,"8","unknown","Grundform nicht erhalten",,,
"FB2_69",69,2,"0","normal","Keine",,,
"FB2_69",69,2,"1","unknown","Nicht erkennbar",,,
"FB2_69",69,2,"2","normal","Parallel zur Laengsachse",,,
"FB2_69",69,2,"3","normal","Quer zur Laengsachse",,,
"FB2_69",69,2,"4","normal","Schraeg zur Laengsachse",,,
"FB2_69",69,2,"5","normal","Unregelmaessig",,,
"FB2_70",70,2,"0","normal","Keine Schlagflaeche",,,
"FB2_70",70,2,"1","normal","Eine Schlagflaeche",,,
"FB2_70",70,2,"2","normal","Zwei gegenueberliegende Schlagflaechen",,,
"FB2_70",70,2,"3","normal","Zwei rechtwinklig aufeinanderstehende Schlagflaechen",,,
"FB2_70",70,2,"4","normal","Zwei Schlagflaechedie sich gegenseitig als Abbauflaeche dienenn",,,
"FB2_70",70,2,"5","normal","Mehr als zwei Schlagflaechen",,,
"FB2_70",70,2,"6","unknown","Anzahl der Schlagflaechen unbestimmbar",,,
"FB2_71",71,2,"0","normal","Keine Schlagflaeche vorhanden",,,
"FB2_71",71,2,"1","normal","Schlagflaeche mit nur einem Negativ",,,
"FB2_71",71,2,"2","normal","Schlagflaeche mit mehr als einem Negativ",,,
"FB2_71",71,2,"3","normal","Schlagflaeche mit Kortex oder natuerlicher Sprungflaeche",,,
"FB2_71",71,2,"4","normal","Schlagflaeche mit Kortex oder natuerlicher Sprungflaeche",,,
"FB2_71",71,2,"6","normal","Gratfoermig",,,
"FB2_71",71,2,"7","normal","Ventralflaeche bei Kern aus Abschlag",,,
"FB2_72",72,2,"1","normal","Eine Abbauflaeche",,,
"FB2_72",72,2,"2","normal","Zwei Abbauflaechen",,,
"FB2_72",72,2,"3","normal","Drei Abbauflaechen",,,
"FB2_72",72,2,"4","normal","Vier Abbauflaechen",,,
"FB2_72",72,2,"5","normal","Fuenf Abbauflaechen",,,
"FB2_72",72,2,"6","normal","Sechs Abbauflaechen",,,
"FB2_72",72,2,"7","normal","Sieben Abbauflaechen",,,
"FB2_72",72,2,"8","normal","Acht Abbauflaechen",,,
"FB2_72",72,2,"9","cat_in_num","Keine Aussage bzw. mehr als acht Abbauflaechen",,,
"FB2_73",73,2,"0","normal","Nur ein Negativ",,,
"FB2_73",73,2,"1","normal","Parallel",,,
"FB2_73",73,2,"2","normal","Gemischt/bipolar",,,
"FB2_73",73,2,"3","normal","Parallel und quer",,,
"FB2_73",73,2,"4","normal","Gemischt und quer",,,
"FB2_73",73,2,"5","unknown","Keine Aussage, andere Abbaurichtung",,,
"FB2_74",74,2,"0","unknown","Keine Aussage",,,
"FB2_74",74,2,"999","unknown","Keine Schlagflaeche vollstaendig erhalten bzw. Anzahl der Schlagflaechen unbestimmbar",,,
"FB2_74",74,2,"998","unknown","Masse nicht erkennbar bzw. Groesse nicht erkennbar",,,
"FB2_75",75,2,"0","unknown","Keine Aussage",,,
"FB2_75",75,2,"999","unknown","Keine Schlagflaeche vollstaendig erhaltenbzw. Anzahl der Schlagflaechen unbestimmbar",,,
"FB2_75",75,2,"998","unknown","Masse nicht erkennbar bzw. Groesse nicht erkennbar",,,
"FB2_76",76,2,"0","normal","Keine Seite erhalten",,,
"FB2_76",76,2,"1","normal","Keine Zurichtung",,,
"FB2_76",76,2,"2","normal","Geschlagen",,,
"FB2_76",76,2,"3","normal","Gepickt",,,
"FB2_76",76,2,"4","normal","Geschliffen",,,
"FB2_76",76,2,"5","normal","Geschlagen und gepickt",,,
"FB2_76",76,2,"6","normal","Geschlagen und geschliffen",,,
"FB2_76",76,2,"7","normal","Gepickt und geschliffen",,,
"FB2_76",76,2,"8","normal","Geschlagen, gepickt und geschliffen",,,
"FB2_76",76,2,"9","unknown","Keine Aussage",,,
"FB2_77",77,2,"0","unknown","Keine Aussage, wenn vermutlich nicht erhalten",,,
"FB2_77",77,2,"1","normal","Keine Zurichtung",,,
"FB2_77",77,2,"2","normal","Geschlagen",,,
"FB2_77",77,2,"3","normal","Gepickt",,,
"FB2_77",77,2,"4","normal","Geschliffen",,,
"FB2_77",77,2,"5","normal","Geschlagen und gepickt",,,
"FB2_77",77,2,"6","normal","Geschlagen und geschliffen",,,
"FB2_77",77,2,"7","normal","Gepickt und geschliffen",,,
"FB2_77",77,2,"8","normal","Geschlagen, gepickt und geschliffen",,,
"FB2_77",77,2,"9","normal","Zweite Arbeitsflaeche",,,
"FB2_78",78,2,"0","normal","Keine Roetelspuren",,,
"FB2_78",78,2,"1","normal","Auf einer oder beiden Arbeitsflaechen",,,
"FB2_78",78,2,"2","normal","Auf Laengs- oder Unterseite",,,
"FB2_78",78,2,"3","normal","Auf Bruchflaeche",,,
"FB2_78",78,2,"4","normal","Auf Arbeitsflaeche und Laengs- oder Unterseite",,,
"FB2_78",78,2,"5","normal","Auf Arbeits- und Bruchflaeche",,,
"FB2_78",78,2,"6","normal","Auf Laengs- oder Unterseite und Bruchflaeche",,,
"FB2_78",78,2,"7","normal","Auf Arbeits- und Bruchflaeche und Laengs- oder Unterseite",,,
"FB2_78",78,2,"8","unknown","Keine Aussage",,,
"FB2_79",79,2,"0","unknown","Richtung der Arbeitsspuren nicht erkennbar",,,
"FB2_79",79,2,"1","normal","Konvex",,,
"FB2_79",79,2,"2","normal","Gerade, eben",,,
"FB2_79",79,2,"3","normal","Konkav",,,
"FB2_79",79,2,"4","normal","Unregelmaessig",,,
"FB2_79",79,2,"5","unknown","Keine Aussage",,,
"FB2_80",80,2,"0","unknown","Richtung der Arbeitsspuren nicht erkennbar",,,
"FB2_80",80,2,"1","normal","Konvex",,,
"FB2_80",80,2,"2","normal","Gerade, eben",,,
"FB2_80",80,2,"3","normal","Konkav",,,
"FB2_80",80,2,"4","normal","Unregelmaessig",,,
"FB2_80",80,2,"5","unknown","Keine Aussage",,,
"FB2_80",80,2,"6","normal","Keine zweite Arbeitsflaeche vorhanden",,,
"FB2_81",81,2,"0","normal","Keine Mulde oder Rille vorhanden",,,
"FB2_81",81,2,"1","normal","Eine Mulde oder Rille vorhanden",,,
"FB2_81",81,2,"2","normal","Zwei Mulden oder Rillen vorhanden",,,
"FB2_81",81,2,"3","normal","Drei Mulden oder Rillen vorhanden",,,
"FB2_81",81,2,"4","normal","Vier Mulden oder Rillen vorhanden",,,
"FB2_81",81,2,"5","normal","Fuenf Mulden oder Rillen vorhanden",,,
"FB2_81",81,2,"6","normal","Sechs Mulden oder Rillen vorhanden",,,
"FB2_81",81,2,"7","normal","Sieben Mulden oder Rillen vorhanden",,,
"FB2_81",81,2,"8","normal","Acht Mulden oder Rillen vorhanden",,,
"FB2_81",81,2,"9","unknown","Keine Aussage",,,
"FB2_82",82,2,"0","unknown","Richtung der Arbeitsspuren nicht erkennbar",,,
"FB2_82",82,2,"1","normal","Konvex",,,
"FB2_82",82,2,"2","normal","Gerade, eben",,,
"FB2_82",82,2,"3","normal","Konkav",,,
"FB2_82",82,2,"4","normal","Unregelmaessig",,,
"FB2_82",82,2,"5","unknown","Keine Aussage",,,
"FB2_83",83,2,"0","unknown","Richtung der Arbeitsspuren nicht erkennbar",,,
"FB2_83",83,2,"1","normal","Konvex",,,
"FB2_83",83,2,"2","normal","Gerade, eben",,,
"FB2_83",83,2,"3","normal","Konkav",,,
"FB2_83",83,2,"4","normal","Unregelmaessig",,,
"FB2_83",83,2,"5","unknown","Keine Aussage",,,
"FB2_83",83,2,"6","normal","Keine zweite Arbeitsflaeche vorhanden",,,
"FB2_84",84,2,"0","normal","Keine Mahl- oder Schleifaeche",,,
"FB2_84",84,2,"1","normal","Keine Pick- und Schliffspuren",,,
"FB2_84",84,2,"2","normal","Nur Schliffspuren",,,
"FB2_84",84,2,"3","normal","Nur Pickspuren",,,
"FB2_84",84,2,"4","normal","Pick- und Schliffspuren",,,
"FB2_84",84,2,"5","unknown","Keine Aussage",,,
"FB2_85",85,2,"0","normal","Keine Mahl- oder Schleifaeche",,,
"FB2_85",85,2,"1","normal","Keine Pick- und Schliffspuren",,,
"FB2_85",85,2,"2","normal","Nur Schliffspuren",,,
"FB2_85",85,2,"3","normal","Nur Pickspuren",,,
"FB2_85",85,2,"4","normal","Pick- und Schliffspuren",,,
"FB2_85",85,2,"5","unknown","Keine Aussage",,,
"FB2_85",85,2,"6","normal","Keine zweite Arbeitsflaeche vorhanden",,,
"FB2_86",86,2,"0","normal","Kein Mahl- oder Schleifstein, sondern Pfeilschaftglaetter",,,
"FB2_86",86,2,"1","normal","Medialfragment ohne Aussenkante",,,
"FB2_86",86,2,"2","normal","Randfragment mit einer Aussenkante",,,
"FB2_86",86,2,"3","normal","Medialfragment mit zwei gegenueberliegenden Aussenkanten",,,
"FB2_86",86,2,"4","normal","Endfragment mit zwei oderdrei zusammenstossenden Aussenkanten",,,
"FB2_86",86,2,"5","normal","Vollstaendig",,,
"FB2_86",86,2,"7","normal","Ventralflaeche",,,
"FB2_86",86,2,"6","unknown","Keine Aussage",,,
"FB2_87",87,2,"0","normal","Medialfragment ohne Aussenkante",,,
"FB2_87",87,2,"1","normal","Parallel",,,
"FB2_87",87,2,"2","normal","Quer",,,
"FB2_87",87,2,"3","normal","Diagonal",,,
"FB2_87",87,2,"4","unknown","Keine Aussage",,,
"FB2_88",88,2,"0","unknown","Keine Aussage",,,
"FB2_88",88,2,"1","normal","Konvex",,,
"FB2_88",88,2,"2","normal","Gerade, eben",,,
"FB2_88",88,2,"3","normal","Konkav",,,
"FB2_88",88,2,"4","normal","Unregelmaessig (auch bei sehr feinen Unregelmaessigkeiten)",,,
"FB2_88",88,2,"5","unknown","Keine Aussage",,,
"FB2_89",89,2,"0","unknown","Keine Aussage",,,
"FB2_89",89,2,"1","normal","Konvex",,,
"FB2_89",89,2,"2","normal","Gerade, eben",,,
"FB2_89",89,2,"3","normal","Konkav",,,
"FB2_89",89,2,"4","normal","Unregelmaessig (auch bei sehr feinen Unregelmaessigkeiten)",,,
"FB2_89",89,2,"5","unknown","Keine Aussage",,,
"FB2_90",90,2,"0","unknown","Keine Aussage",,,
"FB2_90",90,2,"1","normal","Konvex",,,
"FB2_90",90,2,"2","normal","Gerade, eben",,,
"FB2_90",90,2,"3","normal","Konkav",,,
"FB2_90",90,2,"4","normal","Unregelmaessig (auch bei sehr feinen Unregelmaessigkeiten)",,,
"FB2_90",90,2,"5","unknown","Keine Aussage",,,
"FB2_90",90,2,"6","normal","Keine zweite Arbeitsflaeche",,,
"FB2_91",91,2,"0","unknown","Keine Aussage",,,
"FB2_91",91,2,"1","normal","Konvex",,,
"FB2_91",91,2,"2","normal","Gerade, eben",,,
"FB2_91",91,2,"3","normal","Konkav",,,
"FB2_91",91,2,"4","normal","Unregelmaessig (auch bei sehr feinen Unregelmaessigkeiten)",,,
"FB2_91",91,2,"5","unknown","Keine Aussage",,,
"FB2_91",91,2,"6","normal","Keine zweite Arbeitsflaeche",,,
"FB2_92",92,2,"0","absent","Nicht vorhanden",,,
"FB2_92",92,2,"1","normal","Vorhanden",,,
"FB2_92",92,2,"2","unknown","Keine Aussage",,,
"FB2_93",93,2,"0","normal","Keine Rillen",,,
"FB2_93",93,2,"1","normal","U-foermig",,,
"FB2_93",93,2,"2","normal","V-foermig",,,
"FB2_93",93,2,"3","normal","U- und V-foermig",,,
"FB2_93",93,2,"4","unknown","Keine Aussage",,,
"FB2_94",94,2,"0","normal","Kein Roetel",,,
"FB2_94",94,2,"1","normal","Allseitig natuerliche Flaechen",,,
"FB2_94",94,2,"2","normal","Partiell natuerliche Flaechen",,,
"FB2_94",94,2,"3","normal","Keine natuerlichen Flaechen mehr vorhanden",,,
"FB2_94",94,2,"4","unknown","Keine Aussage",,,
"FB2_95",95,2,"0","unknown","Keine Aussage",,,
"FB2_95",95,2,"1","normal","Vollstaendig",,,
"FB2_95",95,2,"2","normal","Schneidenfragment/Spitzenfragment",,,
"FB2_95",95,2,"3","normal","Mittelteil",,,
"FB2_95",95,2,"4","normal","Nackenteil/Basisfragment",,,
"FB2_95",95,2,"5","normal","Schneide mit Mittelteil (wenn es wieder duenner wird)",,,
"FB2_95",95,2,"6","normal","Nacken mit Mittelteil",,,
"FB2_95",95,2,"7","unknown","Unbestimmbares Bruchstueck",,,
"FB2_95",95,2,"8","normal","Vorarbeit",,,
"FB2_95",95,2,"A","normal","'Intaktes' Beil mit misslungener Nachschaerfung",,,
"FB2_95",95,2,"B","normal","Schneidenabschlag",,,
"FB2_95",95,2,"C","normal","Partieller Schneidenabschlag",,,
"FB2_95",95,2,"D","normal","Nackenabschlag",,,
"FB2_96",96,2,"0","absent","Nicht vorhanden",,,
"FB2_96",96,2,"1","normal","1 Schliffflaeche erkennbar",,,
"FB2_96",96,2,"2","normal","1 Breitseite und 1 Schmalseite erkennbar",,,
"FB2_96",96,2,"3","normal","1 Breitseite und 2 Schmalseiten erkennbar",,,
"FB2_96",96,2,"4","normal","2 Breitseiten und keine Schmalseite erkennbar",,,
"FB2_96",96,2,"5","normal","2 Breitseiten und 1 Schmalseite erkennbar",,,
"FB2_96",96,2,"6","normal","2 Breitseiten und 2 Schmalseiten erkennbar (vollstaendig)",,,
"FB2_96",96,2,"9","unknown","Keine Aussage (nicht bestimmbar)",,,
"FB2_97",97,2,"0","unknown","Keine Aussage",,,
"FB2_97",97,2,"1","normal","Vollstaendig",,,
"FB2_97",97,2,"2","normal","Breite nicht erhalten",,,
"FB2_97",97,2,"3","normal","Dicke nicht erhalten",,,
"FB2_97",97,2,"4","normal","Breite und Dicke nicht erhalten",,,
"FB2_97",97,2,"5","unknown","Keine Aussage",,,
"FB2_98",98,2,"0","unknown","Keine Aussage",,,
"FB2_98",98,2,"1","normal","Gerundete Oberseite ohne laterale Facette",,,
"FB2_98",98,2,"2","normal","Gerundete Oberseite mit lateraler(n) Facette(n)",,,
"FB2_98",98,2,"3","normal","Flache Oberseite, viereckiger Querschnitt",,,
"FB2_98",98,2,"4","normal","Dreieckiger Querschnitt",,,
"FB2_98",98,2,"5","normal","Sonstiger Querschnitt",,,
"FB2_98",98,2,"6","unknown","Keine Aussage, zB bei unbestimmbarem Bruchstueck",,,
"FB2_98",98,2,"7","normal","Ovaler Querschnitt",,,
"FB2_99",99,2,"0","unknown","Unbestimmt/keine Aussage",,,
"FB2_99",99,2,"1","normal","Trapezfoermig",,,
"FB2_99",99,2,"2","normal","Rhombisch",,,
"FB2_99",99,2,"9","normal","Rund",,,
"FB2_99",99,2,"8","normal","Rund-oval",,,
"FB2_99",99,2,"3","normal","Spitzoval",,,
"FB2_99",99,2,"4","normal","Dreieckig",,,
"FB2_99",99,2,"5","normal","Rechteckig (abgerundete Kanten)",,,
"FB2_99",99,2,"7","normal","Rechteckig (scharfkantige Kanten)",,,
"FB2_99",99,2,"6","normal","Unregelmaessig",,,
"FB2_99",99,2,"X","absent","Nicht vorhanden",,,
"FB2_100",100,2,"0","absent","Nicht vorhanden oder kein viereckiger Querschnitt",,,
"FB2_100",100,2,"1","normal","Gerade",,,
"FB2_100",100,2,"2","normal","Konkav",,,
"FB2_100",100,2,"3","normal","Konvex",,,
"FB2_100",100,2,"9","unknown","Keine Aussage / Unregelmaessig",,,
"FB2_101",101,2,"0","absent","Nicht vorhanden oder kein viereckiger Querschnitt",,,
"FB2_101",101,2,"1","normal","Gerade",,,
"FB2_101",101,2,"2","normal","Konkav",,,
"FB2_101",101,2,"3","normal","Konvex",,,
"FB2_101",101,2,"9","unknown","Keine Aussage / Unregelmaessig",,,
"FB2_102",102,2,"0","absent","Nicht vorhanden oder kein viereckiger Querschnitt",,,
"FB2_102",102,2,"1","normal","Gerade",,,
"FB2_102",102,2,"2","normal","Konkav",,,
"FB2_102",102,2,"3","normal","Konvex",,,
"FB2_102",102,2,"9","unknown","Keine Aussage / Unregelmaessig",,,
"FB2_103",103,2,"0","absent","Nicht vorhanden oder kein viereckiger Querschnitt",,,
"FB2_103",103,2,"1","normal","Gerade",,,
"FB2_103",103,2,"2","normal","Konkav",,,
"FB2_103",103,2,"3","normal","Konvex",,,
"FB2_103",103,2,"9","unknown","Keine Aussage / Unregelmaessig",,,
"FB2_104",104,2,"0","absent","Nicht vorhanden",,,
"FB2_104",104,2,"999","unknown","Keine Aussage",,,
"FB2_105",105,2,"0","absent","Nicht vorhanden",,,
"FB2_105",105,2,"999","unknown","Keine Aussage",,,
"FB2_106",106,2,"0","absent","Nicht vorhanden",,,
"FB2_106",106,2,"1","normal","Spitz",,,
"FB2_106",106,2,"2","normal","Gerade, gratfoermig",,,
"FB2_106",106,2,"3","normal","Gerade, flaechig",,,
"FB2_106",106,2,"4","normal","Rundlich",,,
"FB2_106",106,2,"5","normal","Verdickt",,,
"FB2_106",106,2,"6","normal","Schlagflaecherest ('Klingenbeil')",,,
"FB2_106",106,2,"7","normal","Gratfoermig",,,
"FB2_106",106,2,"8","normal","Duenn",,,
"FB2_106",106,2,"9","normal","Dick, rechteckig",,,
"FB2_106",106,2,"A","normal","Dick, quadratisch",,,
"FB2_106",106,2,"X","unknown","Keine Aussage",,,
"FB2_107",107,2,"0","absent","Nicht vorhanden",,,
"FB2_107",107,2,"1","normal","Gratfoermig",,,
"FB2_107",107,2,"2","normal","(Unregelmaessige) Negative",,,
"FB2_107",107,2,"3","normal","1 Schlagnegativ",,,
"FB2_107",107,2,"4","normal","Naturflaeche",,,
"FB2_107",107,2,"5","normal","Schliffflaeche, partiell",,,
"FB2_107",107,2,"6","normal","Schlifffaeche, vollstaendig",,,
"FB2_107",107,2,"A","normal","Naturflaeche und > 2 unregelmaessige Negative",,,
"FB2_107",107,2,"B","normal","Pick und Schliff",,,
"FB2_107",107,2,"C","normal","Regelmaessige Negative",,,
"FB2_107",107,2,"D","normal","(Regelmaessige) Negativeund Pick und Schliff (Merkmale B und C)",,,
"FB2_107",107,2,"E","normal","Regelmaessgie Negative und Naturflaeche",,,
"FB2_107",107,2,"9","unknown","Keine Aussage",,,
"FB2_108",108,2,"0","absent","Nicht vorhanden",,,
"FB2_108",108,2,"1","normal","Spitz",,,
"FB2_108",108,2,"2","normal","Rundlich",,,
"FB2_108",108,2,"3","normal","Eckig, abgesetzt, gerade",,,
"FB2_108",108,2,"4","normal","Eckig, abgesetzt, schief",,,
"FB2_108",108,2,"9","unknown","Keine Aussage",,,
"FB2_109",109,2,"0","absent","Nicht vorhanden",,,
"FB2_109",109,2,"999","unknown","Keine Aussage",,,
"FB2_110",110,2,"0","unknown","Unbestimmt",,,
"FB2_110",110,2,"1","normal","Gerade",,,
"FB2_110",110,2,"2","normal","Konvex (rundliche Ecken)",,,
"FB2_110",110,2,"3","normal","Konkav",,,
"FB2_110",110,2,"4","normal","Unregelmaessig (ueberarbeitet)",,,
"FB2_110",110,2,"5","normal","(Konvexe) Hohlschneide (abgesetzte Ecken)",,,
"FB2_110",110,2,"6","normal","Spitz (Spitzwaffe oae)",,,
"FB2_110",110,2,"7","normal","Keine Schneide vorhanden",,,
"FB2_110",110,2,"8","normal","Konvex (abgesetzte Ecken)",,,
"FB2_110",110,2,"9","unknown","Keine Aussage",,,
"FB2_111",111,2,"0","normal","Keine",,,
"FB2_111",111,2,"1","normal","Schneidenpolitur",,,
"FB2_111",111,2,"2","normal","Schneidenaussplitterungen",,,
"FB2_111",111,2,"3","normal","Nackenpartie-politur",,,
"FB2_111",111,2,"4","normal","Sonst Polituren/Aussplitterungen",,,
"FB2_111",111,2,"5","normal","Kraeftige Schneidenaussplitterungen",,,
"FB2_111",111,2,"6","normal","Pickspuren",,,
"FB2_111",111,2,"7","unknown","Keine Schneide vorhanden",,,
"FB2_111",111,2,"8","normal","Schneidenaussplitterung und Nackenpolitur",,,
"FB2_111",111,2,"9","normal","Schneidenpolitur und -aussplitterungen und Nackenpartiepolitur",,,
"FB2_111",111,2,"A","normal","Schneiden- und Nackenpolitur",,,
"FB2_111",111,2,"B","normal","Nackenpartiepolitur undkraeftige Schneidenaussplitterungen",,,
"FB2_111",111,2,"C","normal","Schneidenpolitur und -aussplitterungen",,,
"FB2_112",112,2,"0","absent","Nicht vorhanden (Vorarbeit, ueberarbeitet, Fragment)",,,
"FB2_112",112,2,"1","normal","Naturflaeche (Altflaeche, Kortex)",,,
"FB2_112",112,2,"2","normal","Vorgegebene Abschlagflaeche",,,
"FB2_112",112,2,"3","normal","Schneidenschlag (dorsal/ventral)",,,
"FB2_112",112,2,"4","normal","Misslungener Schneidenschlag",,,
"FB2_112",112,2,"5","normal","Wie 3, aber ca 90 Grad zur Mittelachse ('Kernstichel')",,,
"FB2_112",112,2,"6","normal","Spezialisierte Schneide",,,
"FB2_113",113,2,"0","absent","Schneide nicht vorhanden",,,
"FB2_113",113,2,"1","normal","Symmetrisch",,,
"FB2_113",113,2,"2","normal","Asymmetrisch, zB wg einseitiger Abarbeitung",,,
"FB2_113",113,2,"3","normal","Asymmetrisch, einseitigheruntergezogene Schneide (vgl A-Axt)",,,
"FB2_113",113,2,"4","normal","Unregelmaessig (ueberarbeitet)",,,
"FB2_113",113,2,"9","unknown","Keine Aussage",,,
"FB2_114",114,2,"0","unknown","Unbestimmt (Fragment) oder nicht vorhanden",,,
"FB2_114",114,2,"1","normal","Grob (spitz-)oval",,,
"FB2_114",114,2,"2","normal","Trapezfoermig",,,
"FB2_114",114,2,"3","normal","Dreieckig (spitzer Nacken)",,,
"FB2_114",114,2,"4","normal","Etwa rechteckig",,,
"FB2_114",114,2,"5","normal","Unregelmaessig/atypisch",,,
"FB2_115",115,2,"0","unknown","Unbestimmt / keine Aussage",,,
"FB2_115",115,2,"1","normal","Leicht konkav",,,
"FB2_115",115,2,"2","normal","Stark konkav",,,
"FB2_115",115,2,"3","normal","Gerade",,,
"FB2_115",115,2,"4","normal","Konvex",,,
"FB2_115",115,2,"5","normal","Unregelmaessig",,,
"FB2_115",115,2,"6","absent","Nicht vorhanden",,,
"FB2_116",116,2,"0","unknown","Unbestimmt / keine Aussage",,,
"FB2_116",116,2,"1","normal","Leicht konkav",,,
"FB2_116",116,2,"2","normal","Stark konkav",,,
"FB2_116",116,2,"3","normal","Gerade",,,
"FB2_116",116,2,"4","normal","Konvex",,,
"FB2_116",116,2,"5","normal","Unregelmaessig",,,
"FB2_116",116,2,"6","absent","Nicht vorhanden",,,
"FB2_117",117,2,"0","unknown","Nicht bestimmbar",,,
"FB2_117",117,2,"1","normal","Deutlich gewoelbt",,,
"FB2_117",117,2,"2","normal","Schwach gewoelbt",,,
"FB2_117",117,2,"3","normal","Nicht gewoelbt",,,
"FB2_118",118,2,"0","unknown","Unbestimmt",,,
"FB2_118",118,2,"1","normal","2 Grate",,,
"FB2_118",118,2,"2","normal","3 Grate",,,
"FB2_118",118,2,"3","normal","Mehr als 3 Grate",,,
"FB2_119",119,2,"0","unknown","Nicht bestimmbar",,,
"FB2_119",119,2,"1","normal","Fast parallel",,,
"FB2_119",119,2,"2","normal","Konvergierend (symmetrisch, dh beide Seiten gleichmaessig)",,,
"FB2_119",119,2,"3","normal","Unregelmaessig",,,
"FB2_119",119,2,"4","normal","Konvergierend (asymmetrisch, eine Seite deutlich laenger)",,,
"FB2_120",120,2,"0","absent","Nicht vorhanden",,,
"FB2_120",120,2,"1","normal","Lanzettfoermig (dickste Stelle naeher an Schneide)",,,
"FB2_120",120,2,"2","normal","Tropfenfoermig (dickste Stelle etwa mittig)",,,
"FB2_120",120,2,"3","normal","Parallel",,,
"FB2_120",120,2,"4","normal","Konvergierend (Keilform)",,,
"FB2_120",120,2,"5","normal","Parallel mit abgesetztem Nackenteil",,,
"FB2_120",120,2,"6","normal","Konvergierend (keilfoermig) mit abgesetztem Nackenteil",,,
"FB2_120",120,2,"9","unknown","Keine Aussage",,,
"FB2_121",121,2,"0","absent","Nicht vorhanden",,,
"FB2_121",121,2,"1","normal","Abschlaege ueberwiegend ueber gesamte Schmalseiteverlaufend (meist von einer Seite aus geschlagen)",,,
"FB2_121",121,2,"2","normal","Alternierende Kantenbearbeitung (Zick-zackgrate)",,,
"FB2_121",121,2,"3","normal","Parallele Kantenbearbeitung",,,
"FB2_121",121,2,"9","normal","Keine Aussage (zB wenn geschliffen)",,,
"FB2_122",122,2,"0","absent","Nicht vorhanden",,,
"FB2_122",122,2,"999","unknown","Keine Aussage",,,
"FB2_123",123,2,"0","absent","Nicht vorhanden",,,
"FB2_123",123,2,"999","unknown","Keine Aussage",,,
"FB2_124",124,2,"0","absent","Nicht vorhanden",,,
"FB2_124",124,2,"998","normal","(Fast) parallel",,,
"FB2_124",124,2,"999","unknown","Keine Aussage",,,
"FB2_125",125,2,"0","absent","Nicht vorhanden",,,
"FB2_125",125,2,"1","normal","Scharfkantig",,,
"FB2_125",125,2,"2","normal","Entgratet",,,
"FB2_125",125,2,"9","unknown","Keine Angabe (zB wenn geschliffen)",,,
"FB2_126",126,2,"0","absent","Nicht vorhanden",,,
"FB2_126",126,2,"1","normal","Nur Schneide",,,
"FB2_126",126,2,"2","normal","Nur Mittelteil",,,
"FB2_126",126,2,"3","normal","Nur Nacken",,,
"FB2_126",126,2,"4","normal","Nur Schneide und Mittelteil",,,
"FB2_126",126,2,"5","normal","Nur Schneide und Nacken",,,
"FB2_126",126,2,"6","normal","Nur Mittelteil und Nacken",,,
"FB2_126",126,2,"7","normal","Vollstaendig (Schneide, Mitte und Nacken)",,,
"FB2_126",126,2,"9","unknown","Keine Aussage",,,
"FB2_127",127,2,"0","normal","Nicht geschliffen",,,
"FB2_127",127,2,"1","normal","Nur Schneide",,,
"FB2_127",127,2,"2","normal","Nur Mittelteil",,,
"FB2_127",127,2,"3","normal","Nur Nacken",,,
"FB2_127",127,2,"4","normal","Nur Schneide und Mittelteil",,,
"FB2_127",127,2,"5","normal","Nur Schneide und Nacken",,,
"FB2_127",127,2,"6","normal","Nur Mittelteil und Nacken",,,
"FB2_127",127,2,"7","normal","Vollstaendig (Schneide, Mitte und Nacken)",,,
"FB2_127",127,2,"8","normal","Eine Schmalseite partiell ueber Schneide, Mittelteiund Nacken geschliffen, andere Schmalseite ungeschliffenl",,,
"FB2_127",127,2,"9","unknown","Keine Aussage",,,
"FB2_128",128,2,"0","unknown","Unbestimmbar",,,
"FB2_128",128,2,"1","normal","Kein Schliff erkennbar",,,
"FB2_128",128,2,"2","normal","Leichter Anschliff, nur Negativgrate mit Schliffspuren",,,
"FB2_128",128,2,"3","normal","Kraeftiger Schliff, Negativrestflaechenerkennbar (nicht aber in Abschlagnegativen)",,,
"FB2_128",128,2,"4","normal","Vollstaendiger Schliff",,,
"FB2_128",128,2,"5","normal","Nur Schneidenschliff",,,
"FB2_128",128,2,"6","normal","Schliff in Abschlagnegativen",,,
"FB2_128",128,2,"7","absent","Breitseite nicht vorhanden",,,
"FB2_128",128,2,"8","normal","Schliff auf unbekannter Flaeche",,,
"FB2_129",129,2,"0","unknown","Unbestimmbar",,,
"FB2_129",129,2,"1","normal","Kein Schliff erkennbar",,,
"FB2_129",129,2,"2","normal","Leichter Anschliff, nur Negativgrate mit Schliffspuren",,,
"FB2_129",129,2,"3","normal","Kraeftiger Schliff, Negativrestflaecheerkennbar (nicht aber in Abschlagnegativen)",,,
"FB2_129",129,2,"4","normal","Vollstaendiger Schliff",,,
"FB2_129",129,2,"5","normal","Naturflaeche",,,
"FB2_129",129,2,"6","normal","Schliff in Abschlagnegativen",,,
"FB2_129",129,2,"7","absent","Schmalseite nicht vorhanden",,,
"FB2_130",130,2,"0","absent","Nicht vorhanden",,,
"FB2_130",130,2,"1","normal","Kein Schliff erkennbar",,,
"FB2_130",130,2,"2","normal","'Grobkoernig' (oft weisse Riefen erkennbar)",,,
"FB2_130",130,2,"3","normal","'Feinkoernig' (oft fast spiegelblank, Riefen nur sehr schwach)",,,
"FB2_130",130,2,"4","normal","'Grobkoernig' und 'feinkoernig'",,,
"FB2_130",130,2,"9","unknown","Keine Aussage",,,
"FB2_131",131,2,"0","absent","Nicht vorhanden",,,
"FB2_131",131,2,"1","normal","Schwach",,,
"FB2_131",131,2,"2","normal","Stark",,,
"FB2_131",131,2,"9","unknown","Keine Aussage",,,
"FB2_132",132,2,"0","normal","Schneide und/oder Nacken nicht erhalten oder quer zur Laengsachse",,,
"FB2_132",132,2,"1","normal","Schneide nicht quer zur Laengsachse",,,
"FB2_132",132,2,"2","normal","Nacken nicht quer zur Laengsachse",,,
"FB2_132",132,2,"3","normal","Schneide und Nacken nicht quer zur Laengsachse",,,
"FB2_132",132,2,"4","unknown","Keine Aussage",,,
"FB2_133",133,2,"0","unknown","Keine ueberschliffenen Bruchflaechen, keine Aussage",,,
"FB2_133",133,2,"1","normal","Vollstaendig",,,
"FB2_133",133,2,"2","normal","Nur in der Laenge nicht erhalten",,,
"FB2_133",133,2,"3","normal","Nur in der Breite nicht erhalten",,,
"FB2_133",133,2,"4","normal","Nur in der Dicke nicht erhalten",,,
"FB2_133",133,2,"6","normal","In Laenge und Breite nicht erhalten",,,
"FB2_133",133,2,"7","normal","In Laenge und Dicke nicht erhalten",,,
"FB2_133",133,2,"8","normal","In Breite und Dicke nicht erhalten",,,
"FB2_133",133,2,"9","normal","Dennoch in allen Massen nicht erhalten",,,
"FB2_134",134,2,"0","absent","Nicht vorhanden (oder nicht erkennbar)",,,
"FB2_134",134,2,"1","normal","Schneide ueberarbeitet",,,
"FB2_134",134,2,"2","normal","Vollstaendig ueberarbeitet",,,
"FB2_134",134,2,"3","normal","Nacken ueberarbeitet",,,
"FB2_134",134,2,"4","normal","Eine oder beide Schmalseiten nachbearbeitet",,,
"FB2_134",134,2,"5","normal","Eine oder beide Breitseiten nachbearbeitet",,,
"FB2_134",134,2,"6","normal","Eine oder beide Breitseiten und eineoder beide Schmalseiten sowie Nacken",,,
"FB2_134",134,2,"7","normal","Eine oder beide Breitseiten und einoder beide Schmalseitene",,,
"FB2_134",134,2,"9","unknown","Keine Aussage",,,
"FB2_135",135,2,"0","normal","Kein Wetzschiefer, Amphibolit oder Basalt",,,
"FB2_135",135,2,"1","normal","Parallel zur Unterseite",,,
"FB2_135",135,2,"2","normal","Senkrecht zur Unterseite",,,
"FB2_135",135,2,"3","normal","Anders verlaufend",,,
"FB2_135",135,2,"4","normal","Nicht orientierbares Bruchstueck oder trotzdes Rohmaterials nicht erkennbare Spaltrichtung",,,
"IGerM","IGerM",1,"0","unknown","Keine Aussage",,,
"IGerM","IGerM",1,"1","normal","Projektilspitzen","Klingen- und Abschlaggeraete","Projektilspitzen",
"IGerM","IGerM",1,"2","normal","Bohrer","Klingen- und Abschlaggeraete","Bohrer",
"IGerM","IGerM",1,201,"normal","Doppelbohrer","Klingen- und Abschlaggeraete","Bohrer",
"IGerM","IGerM",1,"3","normal","Lackglanz, diagonal","Klingen- und Abschlaggeraete","Lackglanz",
"IGerM","IGerM",1,"4","normal","Lackglanz, kantenparallel","Klingen- und Abschlaggeraete","Lackglanz",
"IGerM","IGerM",1,"31","normal","Lackglanz, unbestimmt","Klingen- und Abschlaggeraete","Lackglanz",
"IGerM","IGerM",1,"5","normal","Spitzklinge","Klingen- und Abschlaggeraete","Spitzklingen",
"IGerM","IGerM",1,"6","normal","Stichel","Klingen- und Abschlaggeraete","Stichel",
"IGerM","IGerM",1,601,"normal","Querstichel","Klingen- und Abschlaggeraete","Stichel",
"IGerM","IGerM",1,602,"normal","Mittelstichel","Klingen- und Abschlaggeraete","Stichel",
"IGerM","IGerM",1,603,"normal","Eckstichel","Klingen- und Abschlaggeraete","Stichel",
"IGerM","IGerM",1,604,"normal","Zwillingseckstichel","Klingen- und Abschlaggeraete","Stichel",
"IGerM","IGerM",1,"7","normal","Endretusche","Klingen- und Abschlaggeraete","Endretusche",
"IGerM","IGerM",1,"8","normal","Kratzer","Klingen- und Abschlaggeraete","Kratzer",
"IGerM","IGerM",1,800,"normal","Endkratzer","Klingen- und Abschlaggeraete","Kratzer",
"IGerM","IGerM",1,801,"normal","Doppelkratzer","Klingen- und Abschlaggeraete","Kratzer",
"IGerM","IGerM",1,802,"normal","Seitenkratzer","Klingen- und Abschlaggeraete","Kratzer",
"IGerM","IGerM",1,"9","normal","Lateralretusche","Klingen- und Abschlaggeraete","Lateralretusche",
"IGerM","IGerM",1,901,"normal","Schaeftung","Klingen- und Abschlaggeraete","Lateralretusche",
"IGerM","IGerM",1,908,"normal","Uebergangsfeld zu Kratzern","Klingen- und Abschlaggeraete","Lateralretusche",
"IGerM","IGerM",1,"11","normal","Ausgesplittertes Stueck","Klingen- und Abschlaggeraete","Ausgesplittertes Stueck",
"IGerM","IGerM",1,"32","normal","Gebuchtetes Stueck","Klingen- und Abschlaggeraete","Gebuchtetes Stueck",
"IGerM","IGerM",1,"33","normal","Gezaehntes Stueck","Klingen- und Abschlaggeraete","Gezaehntes Stueck",
"IGerM","IGerM",1,"10","normal","Dechsel, Beil","Kerngeraete","Dechsel, Beil",
"IGerM","IGerM",1,"35","normal","Kernbeile","Kerngeraete","Kernbeile",
"IGerM","IGerM",1,"36","normal","Scheibenbeile","Kerngeraete","Scheibenbeile",
"IGerM","IGerM",1,"37","normal","Flintbeile (nach Luebke 2000, 48)","Kerngeraete","Flintbeile",
"IGerM","IGerM",1,3701,"normal","Dickblattig-duennackig","Kerngeraete","Flintbeile",
"IGerM","IGerM",1,3702,"normal","Duennblattig-duennackig","Kerngeraete","Flintbeile",
"IGerM","IGerM",1,3703,"normal","Dickblattig-dicknackig","Kerngeraete","Flintbeile",
"IGerM","IGerM",1,3704,"normal","Duennblattig-dicknackig","Kerngeraete","Flintbeile",
"IGerM","IGerM",1,3705,"normal","Kernbeil mit geschliffener Schneide","Kerngeraete","Flintbeile",
"IGerM","IGerM",1,3706,"normal","Plankenfragment","Kerngeraete","Flintbeile",
"IGerM","IGerM",1,3707,"normal","Meissel","Kerngeraete","Flintbeile",
"IGerM","IGerM",1,"38","normal","Flaechenretuschierte Stuecke","Kerngeraete","Flaechenretuschierte Stuecke",
"IGerM","IGerM",1,3801,"normal","Flintsicheln","Kerngeraete","Flaechenretuschierte Stuecke",
"IGerM","IGerM",1,3802,"normal","Flintspitzen","Kerngeraete","Flaechenretuschierte Stuecke",
"IGerM","IGerM",1,3803,"normal","Flintdolche, blattfoermig","Kerngeraete","Flaechenretuschierte Stuecke",
"IGerM","IGerM",1,"39","normal","Flintdolche","Kerngeraete","Flintdolche",
"IGerM","IGerM",1,"40","normal","Aexte (Felsgestein)","Kerngeraete","Aexte (Felsgestein)",
"IGerM","IGerM",1,"41","normal","'Feuerschlaeger'","Kerngeraete","'Feuerschlaeger'",
"IGerM","IGerM",1,"12","normal","Mahlstein","Mahl- und Schleifsteine","Mahlstein",
"IGerM","IGerM",1,"12 UL","normal","Unterlieger","Mahl- und Schleifsteine","Mahlstein",
"IGerM","IGerM",1,"12 LF","normal","Laeufer","Mahl- und Schleifsteine","Mahlstein",
"IGerM","IGerM",1,"13","normal","Pfeilschaftglaetter","Mahl- und Schleifsteine","Pfeilschaftglaetter",
"IGerM","IGerM",1,"14","normal","Rillenstein","Mahl- und Schleifsteine","Rillenstein",
"IGerM","IGerM",1,"15","normal","Schleifstein, allgemein","Mahl- und Schleifsteine","Schleifstein, allgemein",
"IGerM","IGerM",1,"30","normal","Scheibenkeule","Mahl- und Schleifsteine","Scheibenkeule",
"IGerM","IGerM",1,"16","normal","Unbestimmbarer Schliff","Mahl- und Schleifsteine","Unbestimmbarer Schliff",
"IGerM","IGerM",1,"17","normal","Retuscheur","Mahl- und Schleifsteine","Retuscheur",
"IGerM","IGerM",1,"18","normal","Pickgruebchen","Mahl- und Schleifsteine","Pickgruebchen",
"IGerM","IGerM",1,"19","normal","Klopfer aus Silex oder Felsgestein","Mahl- und Schleifsteine","Klopfer aus Silex oder Felsgestein",
"IGerM","IGerM",1,"20","normal","Roetel","Mahl- und Schleifsteine","Roetel",
"IGerM","IGerM",1,"21","normal","Unmodifzierter Abschlag","Nichtwerkzeuge","Unmodifzierter Abschlag",
"IGerM","IGerM",1,"22","normal","Unmodifzierte Klinge","Nichtwerkzeuge","Unmodifzierte Klinge",
"IGerM","IGerM",1,"23","normal","Unmodifzierter Kern","Nichtwerkzeuge","Unmodifzierter Kern",
"IGerM","IGerM",1,"24","normal","Artifzieller Truemmer","Nichtwerkzeuge","Artifzieller Truemmer",
"IGerM","IGerM",1,"25","normal","Natuerlicher Truemmer","Nichtwerkzeuge","Natuerlicher Truemmer",
"IGerM","IGerM",1,"26","normal","Unmodifziertes Geroell","Nichtwerkzeuge","Unmodifziertes Geroell",
"IGerM","IGerM",1,"27","normal","Unmodifziertes Stueck, k/A zur GF","Nichtwerkzeuge","Unmodifziertes Stueck, k/A zur GF",
"IGerM","IGerM",1,"28","normal","Unmodifzierter Kern aus Abschlag","Nichtwerkzeuge","Unmodifzierter Kern aus Abschlag",
"IGerM","IGerM",1,"29","normal","Unmodifzierter Kerntruemmer","Nichtwerkzeuge","Unmodifzierter Kerntruemmer",
"IGerM","IGerM",1,"34","normal","Kerbrest","Nichtwerkzeuge","Kerbrest",
"IGerM","IGerM",1,"9999","unknown","Keine Aussage","Keine Aussage","Keine Aussage",
"FB3_6",6,3,"3","normal","Formblatt 03",,,
"FB3_7",7,3,"4","normal","Kratzer",,,
"FB3_7",7,3,"5","normal","Endretuschen",,,
"FB3_7",7,3,"12/13","normal","Lackglaenze",,,
"FB3_7",7,3,"6","normal","Lateralretuschen",,,
"FB3_7",7,3,"2","normal","Bohrer",,,
"FB3_7",7,3,"9","normal","Bipolare Aussplitterungen",,,
"FB3_9",9,3,"99","unknown","Keine Aussage",,,
"FB3_10",10,3,"99","unknown","Keine Aussage",,,
"FB3_11",11,3,"0","absent","Nicht vorhanden",,,
"FB3_11",11,3,"1","normal","Wechselseitig",,,
"FB3_11",11,3,"2","normal","Alternierend",,,
"FB3_12",12,3,"1","normal","Vollstaendig",,,
"FB3_12",12,3,"2","normal","Max Abweichung nicht erhalten",,,
"FB3_12",12,3,"3","normal","Laenge nicht erhalten",,,
"FB3_12",12,3,"4","unknown","Keine Aussage",,,
"FB3_13",13,3,0,"unknown","Keine Aussage",,,
"FB3_14",14,3,0,"absent","Nicht vorhanden",,,
"FB3_15",15,3,0,"absent","Nicht vorhanden",,,
"FB3_16",16,3,0,"absent","Nicht vorhanden",,,
"FB3_16",16,3,1,"normal","Wechselseitig",,,
"FB3_16",16,3,2,"normal","Alternierend",,,
"FB3_17",17,3,1,"normal","Vollstaendig",,,
"FB3_17",17,3,2,"normal","Max. Abweichung nicht erhalten",,,
"FB3_17",17,3,3,"normal","Laenge nicht erhalten",,,
"FB3_17",17,3,4,"unknown","Keine Aussage",,,
"FB3_18_lateral",18,3,0,"unknown","Unbestimmbar",,,
"FB3_18_lateral",18,3,1,"normal","Gerade",,,
"FB3_18_lateral",18,3,2,"normal","Bogenfoermig konvex",,,
"FB3_18_lateral",18,3,3,"normal","Bogenfoermig konkav",,,
"FB3_18_lateral",18,3,4,"normal","Partielle Hohlbruchretuschen",,,
"FB3_18_lateral",18,3,5,"normal","Unregelmaessig",,,
"FB3_18_lateral",18,3,6,"normal","Doppelt konkav mit dazwischen liegender Schneide (Scheibenmesser)",,,
"FB3_18_lateral",18,3,7,"normal","Konvex (Kratzersonderform bei Abschlag-, Kern-, Naturstueckgeraet)",,,
"FB3_18_end",18,3,0,"unknown","Unbestimmbar, unbearbeitet",,,
"FB3_18_end",18,3,1,"normal","Konvex",,,
"FB3_18_end",18,3,2,"normal","Konkav",,,
"FB3_18_end",18,3,3,"normal","Gerade",,,
"FB3_18_end",18,3,4,"normal","Schraeg",,,
"FB3_18_end",18,3,5,"normal","Spitzbogig",,,
"FB3_18_end",18,3,6,"normal","Partiell konvex",,,
"FB3_18_end",18,3,7,"normal","Asymmetrisch konvex",,,
"FB3_18_end",18,3,8,"normal","Asymmetrisch konkav",,,
"FB3_18_end",18,3,9,"normal","Ausgesplittert",,,
"FB3_18_end",18,3,10,"normal","Kerbe ('coches')",,,
"FB3_18_end",18,3,11,"normal","Abgeschlagen/abgetrennt (Vorarbeit)",,,
"FB3_18_end",18,3,12,"normal","Einseitig proximale Schaftretusche",,,
"FB3_18_end",18,3,13,"normal","Beidseitige proximale Endretusche",,,
"FB3_18_end",18,3,14,"normal","Sonderform (unregelmaessig)",,,
"FB3_18_end",18,3,15,"normal","Konvexe Endretusche, einseitig auf Lateralkante uebergehend",,,
"FB3_18_end",18,3,16,"normal","Konvexe Endretusche, beidseitig auf Lateralkante uebergehend",,,
"FB3_18_end",18,3,17,"normal","Umlaufende Endretusche (Rundschaber)",,,
"FB3_18_end",18,3,18,"normal","Partielle Endretusche",,,
"FB3_18_end",18,3,19,"normal","Fragmentierte, nicht genauer bestimmbare Endretusche",,,
"FB3_18_end",18,3,20,"normal","Doppelt konkav mit dazwischen liegender Schneide",,,
"FB3_18_bohrer",18,3,0,"unknown","Unbestimmbar",,,
"FB3_18_bohrer",18,3,1,"normal","Breite, deutlich herausgearbeitete Spitze",,,
"FB3_18_bohrer",18,3,2,"normal","Langgestreckte Spitze",,,
"FB3_18_bohrer",18,3,3,"normal","Gebogene Spitze, zinkenaehnlich",,,
"FB3_18_bohrer",18,3,4,"normal","Spitze mit einseitiger Schulter",,,
"FB3_18_bohrer",18,3,5,"normal","Spitze mit beidseitiger Schulter",,,
"FB3_18_bohrer",18,3,6,"normal","Breite, gebogene Spitze",,,
"FB3_18_bohrer",18,3,7,"normal","Indifferentes Spitzenfragment",,,
"FB3_18_bohrer",18,3,8,"normal","Kraeftige langgestreckte Spitze",,,
"FB3_18_bohrer",18,3,9,"normal","Sonderform",,,
"FB3_20",20,3,0,"unknown","Unbestimmbar",,,
"FB3_20",20,3,1,"normal","Dreieckig",,,
"FB3_20",20,3,2,"normal","D-foermig",,,
"FB3_20",20,3,3,"normal","Viereckig parallel",,,
"FB3_20",20,3,4,"normal","Trapezfoermig",,,
"FB3_20",20,3,5,"normal","Polygonal",,,
"FB3_20",20,3,6,"normal","Linsenfoermig",,,
"FB3_20",20,3,7,"normal","Unregelmaessig",,,
"FB3_21",21,3,0,"unknown","Unbestimmbar",,,
"FB3_21",21,3,1,"normal","Distal",,,
"FB3_21",21,3,2,"normal","Proximal",,,
"FB3_21",21,3,3,"normal","Lateral",,,
"FB3_21",21,3,4,"normal","Proximal + distal (Doppelgeraet)",,,
"FB3_21",21,3,5,"unknown","Nicht zuweisbar (Naturstueck)",,,
"FB3_22",22,3,0,"unknown","Unbestimmbar",,,
"FB3_22",22,3,1,"normal","Naturflaeche",,,
"FB3_22",22,3,2,"normal","Artifzieller Bruchflaeche",,,
"FB3_22",22,3,3,"normal","Negativ",,,
"FB3_22",22,3,4,"normal","Stichelschlag (z.B. bei Quer- oder Mittelstichel)",,,
"FB3_22",22,3,5,"normal","Konvexe Retusche",,,
"FB3_22",22,3,6,"normal","Gerade Retusche",,,
"FB3_22",22,3,7,"normal","Konkave Retusche",,,
"FB3_22",22,3,8,"normal","Zerschlagen",,,
"FB3_23",23,3,0,"unknown","Unbestimmbar",,,
"FB3_23",23,3,1,"normal","Quer zur Laengsachse (Querstichel)",,,
"FB3_23",23,3,2,"normal","Diagonal zur Laengsachse (Mittelstichel)",,,
"FB3_23",23,3,3,"normal","Einseitig parallel zur Laengsachse (Eckstichel)",,,
"FB3_23",23,3,4,"normal","Beidseitig parallel zur Laengsachse (Zwillingseckstichel)",,,
"FB3_24",24,3,0,"unknown","Unbestimmbar",,,
"FB3_24",24,3,1,"normal","Gerade (normal)",,,
"FB3_24",24,3,2,"normal","Bogenfoermig",,,
"FB3_24",24,3,3,"normal","'Ueberlaeufer', Unfall (chute outrepassee)",,,
"FB3_24",24,3,4,"normal","Angelbruch, Unfall (chute reflechie)",,,
"FB3_24",24,3,5,"normal","Auf Ventralflaeche uebergehend, Unfall (chute torse)",,,
"FB3_25",25,3,1,"normal","Einschlagstichel",,,
"FB3_25",25,3,2,"normal","Mehrschlagstichel (mind. 2 Stichelbahnen, die nicht von Nachscharfungen herruehren)",,,
"FB3_26",26,3,0,"unknown","Unbestimmbar",,,
"FB3_26",26,3,1,"unknown","Nicht erkennbar",,,
"FB3_26",26,3,2,"normal","Gestaffelte Nachschaerfungen erkennbar",,,
"FB3_26",26,3,3,"normal","Parallele Nachschaerfungen erkennbar",,,
"FB3_26",26,3,4,"normal","Nachschaerfungen mit Erneuerung der Stichelplattform (nur bei Zwillingssticheln erkennbar)",,,
"FB4_7",7,4,"A","normal","Mikrolithen mit Kanten- oder Endretuschen",,,
"FB4_7",7,4,"AA","normal","Endretuschierte Mikrolithen",,,
"FB4_7",7,4,"AB","normal","Kantenretuschierte Mikrolithen",,,
"FB4_7",7,4,"AAA","normal","Quer endretuschierte Mikrolithen",,,
"FB4_7",7,4,"AAB","normal","Schraeg endretuschierte Mikrolithen",,,
"FB4_7",7,4,"AAAX","normal","Quer endretuschierter Mikrolith",,,
"FB4_7",7,4,"AAAA","normal","Quer endretuschierter Mikrolith mit gerader Retusche ",,,
"FB4_7",7,4,"AAAB","normal","Quer endretuschierter Mikrolith mit konkaver Retusche",,,
"FB4_7",7,4,"AAB","normal","Schraeg endretuschierte Mikrolithen",,,
"FB4_7",7,4,"AABX","normal","Schraeg endretuschierter Mikrolith",,,
"FB4_7",7,4,"AABA","normal","mit gerader Retusche",,,
"FB4_7",7,4,"AABB","normal","mit konkaver Retusche",,,
"FB4_7",7,4,"ABA","normal","Einfaches Rueckenmesserchen",,,
"FB4_7",7,4,"ABB","normal","Rueckenmesserchen mit retuschiertem Ende",,,
"FB4_7",7,4,"ABC","normal","Rueckenmesserchen mit zwei retuschierten Enden",,,
"FB4_7",7,4,"ABAX","normal","Einfaches Rueckenmesserchen",,,
"FB4_7",7,4,"ABAA","normal","Nicht gebrochenes einfaches Rueckenmesserchen",,,
"FB4_7",7,4,"ABAB","normal","Gebrochenes einfaches Rueckenmesserchen",,,
"FB4_7",7,4,"ABBX","normal","Rueckenmesserchen mit retuschiertem Ende",,,
"FB4_7",7,4,"ABBA","normal","Nicht gebrochenes Rueckenmesserche mit retuschiertem Enden",,,
"FB4_7",7,4,"ABBB","normal","Gebrochenes Rueckenmesserche mit retuschiertem Enden",,,
"FB4_7",7,4,"ABCX","normal","Rueckenmesser mit zwei retuschierten Enden ",,,
"FB4_7",7,4,"B","normal","Spitzen",,,
"FB4_7",7,4,"BA","normal","Einfache Spitzen",,,
"FB4_7",7,4,"BB","normal","Basisretuschierte Spitzen",,,
"FB4_7",7,4,"BC","normal","Lanzettspitzen",,,
"FB4_7",7,4,"BAA","normal","Einfache Spitzen mit Schraegretusche",,,
"FB4_7",7,4,"BAB","normal","Einfache Spitzen mit Kantenretusche",,,
"FB4_7",7,4,"BAAX","normal","Zusammenfassung von BAAA und BAAB",,,
"FB4_7",7,4,"BAAA","normal","Zonhoven-Spitze",,,
"FB4_7",7,4,"BAAB","normal","Vig-Spitze",,,
"FB4_7",7,4,"BAAC","normal","Dreieckige Klinge mit schraeg retuschiertem kurzem Ende",,,
"FB4_7",7,4,"BABX","normal","Einfache Spitze mit Kantenretusche ",,,
"FB4_7",7,4,"BABA","normal","Einfache Spitze mit kompletter Kantenretusche",,,
"FB4_7",7,4,"BABB","normal","Einfache Spitze mi partieller Kantenretuschet",,,
"FB4_7",7,4,"BBA","normal","Basisretuschierte Spitzen mit konvexer Basisretusche",,,
"FB4_7",7,4,"BBB","normal","Basisretuschierte Spitzen mi gerader Basisretuschet",,,
"FB4_7",7,4,"BBC","normal","Basisretuschierte Spitze mit konkaver Basisretuschen",,,
"FB4_7",7,4,"BBAA","normal","Basisretuschierte Spitze mit konvexer dorsal ret. Basis und geraden Seitenkanten",,,
"FB4_7",7,4,"BBAB","normal","Basisretuschierte Spitze mit konvexer ventral ret Basis und geraden Seitenkanten",,,
"FB4_7",7,4,"BBAC","normal","Basisretuschierte Spitze mit konvexer dors- ventral ret. Basis und geraden Seitenkanteno",,,
"FB4_7",7,4,"BBAD","normal","Basisretuschierte Spitze mit konvexer dorsa ret Basis und konvexen Seitenkantenl",,,
"FB4_7",7,4,"BBAE","normal","Basisretuschierte Spitze mit konvexer ventra ret Basis und konvexen Seitenkantenl",,,
"FB4_7",7,4,"BBAF","normal","Basisretuschierte Spitze mit konvexer dors- ventral ret. Basis und konvexen Seitenkanteno",,,
"FB4_7",7,4,"BBBA","normal","Basisretuschierte Spitze mit gerader dorsal ret Basis und geraden Seitenkanten",,,
"FB4_7",7,4,"BBBB","normal","Basisretuschierte Spitze mit gerader ventra ret Basis und geraden Seitenekantenl",,,
"FB4_7",7,4,"BBBC","normal","Basisretuschierte Spitze mit gerader dors- ventral ret. Basis und geraden Seitenkanteno",,,
"FB4_7",7,4,"BBBD","normal","Basisretuschierte Spitze mit gerader dorsa ret Basis und konvexen Seitenkantenl",,,
"FB4_7",7,4,"BBBE","normal","Basisretuschierte Spitze mit gerader ventra ret Basis und konvexen Seitenekantenl",,,
"FB4_7",7,4,"BBBF","normal","Basisretuschierte Spitze mit gerader dorso-ve tral ret. Basis und konvexen Seitenkantenn",,,
"FB4_7",7,4,"BBCA","normal","Basisretuschierte Spitze mit konkaver dorsal re Basis und geraden Seitenkantent",,,
"FB4_7",7,4,"BBCB","normal","Basisretuschierte Spitze mit konkaver ventral ret Basis und geraden Seitenkanten",,,
"FB4_7",7,4,"BBCC","normal","Basisretuschierte Spitze mit konkaver dorso-ve tral ret. Basis und geraden Seitenkantenn",,,
"FB4_7",7,4,"BBCD","normal","Basisretuschierte Spitze mit konkaver dorsal ret Basis und konvexen Seitenkanten",,,
"FB4_7",7,4,"BBCE","normal","Basisretuschierte Spitze mit konkaver ventra ret Basis und konvexen Seitenkantenl",,,
"FB4_7",7,4,"BBCF","normal","Basisretuschierte Spitze mit konkaver dorso-ve tral ret. Basis und konvexen Seitenkantennn",,,
"FB4_7",7,4,"BCA","normal","Kantenretuschierte Lanzettspitzen",,,
"FB4_7",7,4,"BCB","normal","Lanzettspitzen mit Basisretusche",,,
"FB4_7",7,4,"BCAX","normal","Kantenretuschierte Lanzettspitze",,,
"FB4_7",7,4,"BCBA","normal","Lanzettspitze mit Basisretusche",,,
"FB4_7",7,4,"BCBB","normal","Lanzettspitze mit Basisretusche und partieller Retusche der 2 Laengskante",,,
"FB4_7",7,4,"BCBC","normal","Lanzettspitze mit gerader, schraeger Basis .",,,
"FB4_7",7,4,"BCBD","normal","Lanzettspitze mit konvexer, schraeger Basis",,,
"FB4_7",7,4,"BCBE","normal","Lanzettspitze mit konkaver, schraeger Basis",,,
"FB4_7",7,4,"C","normal","Spitzen",,,
"FB4_7",7,4,"CA","normal","Oberflaechenretuschierte Mikrolithen",,,
"FB4_7",7,4,"CAA","normal","Oberflaechenretuschierte Dreiecke",,,
"FB4_7",7,4,"CAB","normal","Blattfoermig ovale Spitzen",,,
"FB4_7",7,4,"CAC","normal","Mistelblattspitzen",,,
"FB4_7",7,4,"CAAX","normal","Flaechenretuschiertes Dreieck",,,
"FB4_7",7,4,"CABX","normal","Blattfoermig ovale Spitze.",,,
"FB4_7",7,4,"CABA","normal","Blattfoermig ovale Spitze. mit schraeger Basis",,,
"FB4_7",7,4,"CABB","normal","Blattfoermig ovale Spitzemit gerader Basis",,,
"FB4_7",7,4,"CABC","normal","Blattfoermig ovale Spitzemit runder Basis",,,
"FB4_7",7,4,"D","normal","Segmente und Dreiecke",,,
"FB4_7",7,4,"DA","normal","Segmente",,,
"FB4_7",7,4,"DB","normal","Dreiecke",,,
"FB4_7",7,4,"DAA","normal","Symmetrische Segmente",,,
"FB4_7",7,4,"DAB","normal","Asymmetrische Segmente",,,
"FB4_7",7,4,"DAAX","normal","Symmetrisches Segment",,,
"FB4_7",7,4,"DABX","normal","Asymmetrisches Segment",,,
"FB4_7",7,4,"DBA","normal","Symmetrisch-stumpfwinklige Dreiecke",,,
"FB4_7",7,4,"DBB","normal","Symmetrisch-rechtwinklige Dreiecke",,,
"FB4_7",7,4,"DBC","normal","Symmetrisch-spitzwinklige Dreiecke",,,
"FB4_7",7,4,"DBD","normal","Deutlich asymmetrische Dreiecke",,,
"FB4_7",7,4,"DBE","normal","Stark asymmetrische Dreiecke",,,
"FB4_7",7,4,"DBF","normal","Extrem asymmetrische Dreiecke",,,
"FB4_7",7,4,"DBXX","normal","Symmetrisches Dreieck",,,
"FB4_7",7,4,"DBAX","normal","Symmetrisch-stumpfwinkliges Dreieck",,,
"FB4_7",7,4,"DBAA","normal","Symmetrisch-stumpfwinkliges Dreieck mit gerade retuschierten Kanten",,,
"FB4_7",7,4,"DBBX","normal","Symmetrisch-rechtwinkliges Dreieck",,,
"FB4_7",7,4,"DBBA","normal","Symmetrisch-rechtwinkliges Dreieck mit gerade retuschierten Kanten",,,
"FB4_7",7,4,"DBBB","normal","Symmetrisch-rechtwinkliges Dreiec k Kleindreieck",,,
"FB4_7",7,4,"DBCX","normal","Symmetrisch-spitzwinkliges Dreieck",,,
"FB4_7",7,4,"DBCA","normal","Symmetrisch-spitzwinkliges Dreieck mit gerade retuschierten Kanten",,,
"FB4_7",7,4,"DBCB","normal","Symmetrisch-spitzwinkliges Dreieck mit schwach herausgearbeitetem Dorn",,,
"FB4_7",7,4,"DBCC","normal","Symmetrisch-spitzwinkliges Dreieck mit ausgepraegtem Dorn",,,
"FB4_7",7,4,"DBYY","normal","Asymmetrisches Dreieck",,,
"FB4_7",7,4,"DBDX","normal","Deutlich asymmetrisches Dreieck",,,
"FB4_7",7,4,"DBDA","normal","Deutlich asymmetrisches Dreieck mit gerade retuschierten Kanten",,,
"FB4_7",7,4,"DBDB","normal","Deutlich asymmetrisches Dreieck Kleindreieck",,,
"FB4_7",7,4,"DBEX","normal","Stark asymmetrisches Dreieck",,,
"FB4_7",7,4,"DBEA","normal","Stark asymmetrisches Dreieck mit gerade retuschierten Kanten",,,
"FB4_7",7,4,"DBEB","normal","Stark asymmetrisches Dreieck mit konkav retuschiertem kuerzere Schenkelm",,,
"FB4_7",7,4,"DBEC","normal","Stark asymmetrisches Dreieck mit konkav retuschierten Kanten",,,
"FB4_7",7,4,"E","normal","Vierecke laenger als breit",,,
"FB4_7",7,4,"F","normal","Vierecke breiter als lang",,,
"FB4_7",7,4,"EA","normal","Rechtecke",,,
"FB4_7",7,4,"EB","normal","Trapeze",,,
"FB4_7",7,4,"FA","normal","Querschneider ",,,
"FB4_7",7,4,"FB","normal","Querschneider ",,,
"FB4_7",7,4,"EBA","normal","Kurze symmetrische Trapeze",,,
"FB4_7",7,4,"EBB","normal","Lange symmetrische Trapeze",,,
"FB4_7",7,4,"EBC","normal","Asymmetrische Trapeze mit stumpfem Basiswinkel",,,
"FB4_7",7,4,"EBD","normal","Asymmetrische Trapeze mit rechtem Basiswinkel ('Trapezspitzen')",,,
"FB4_7",7,4,"EBE","normal","Asymmetrische Trapeze mit spitzem Basiswinkel ('rhomboide Formen')",,,
"FB4_7",7,4,"EBXX","normal","Symmetrisches Trapez",,,
"FB4_7",7,4,"EBAA","normal","Kurzes flaches symmetrisches Trapez mit gerade retuschierten Kanten",,,
"FB4_7",7,4,"EBAB","normal","Kurzes steiles symmetrisches Trape mit gerade retuschierten Kantenz",,,
"FB4_7",7,4,"EBAC","normal","Extrem grosses symmetrisches Trapez mit gerade retuschierten Kanten",,,
"FB4_7",7,4,"EBAD","normal","Extrem grosses symmetrisches Trapez mit konkav retuschierten Kanten",,,
"FB4_7",7,4,"EBAE","normal","Extrem grosses symmetrisches Trapez mit schwach herausgearbeitetem Dorn",,,
"FB4_7",7,4,"EBAF","normal","Extrem grosses symmetrisches Trapez mit schwach herausgearbeitetem Dorn",,,
"FB4_7",7,4,"EBBA","normal","Lange symmetrische Trapeze mit gerade retuschierten Kanten",,,
"FB4_7",7,4,"EBBB","normal","Langschmales symmetrisches Trapez mi gerade retuschierten Kantent",,,
"FB4_7",7,4,"EBYY","normal","Asymmetrisches Trapez",,,
"FB4_7",7,4,"EBCX","normal","Asymmetrisches Trapez mit stumpfem Basiswinkel",,,
"FB4_7",7,4,"EBCA","normal","Asymmetrisches flaches Trapez mit stumpfem Basiswinkel und gerade retuschierten Kanten",,,
"FB4_7",7,4,"EBCB","normal","Asymmetrisches steiles Trapez mit stumpfem Basiswinkel und gerade retuschierten Kanten",,,
"FB4_7",7,4,"EBCC","normal","Asymmetrisches flaches Trapez mit stumpfem Basiswinkel und konkav retuschierten Kanten",,,
"FB4_7",7,4,"EBCD","normal","Asymmetrisches steiles Trapez mit stumpfem Basiswinkel und konkav retuschierten Kanten",,,
"FB4_7",7,4,"EBEX","normal","Asymmetrisches Trapez mit spitzem Basiswinkel",,,
"FB4_7",7,4,"EBEA","normal","Asymmetrisches flaches Trapez mit spitzem Basiswinkel und gerade retuschierten Kanten",,,
"FB4_7",7,4,"EBEB","normal","Asymmetrisches steiles Trapez mit spitzem Basiswinkel und gerade retuschierter Basis",,,
"FB4_7",7,4,"EBEC","normal","Asymmetrisches flaches Trapez mit spitzem Basiswinkel und konkav retuschierter Basis",,,
"FB4_7",7,4,"EBED","normal","Asymmetrisches steiles Trapez mit spitzem Basiswinkel und konkav retuschierter Basis",,,
"FB4_7",7,4,"FAA","normal","Symmetrische rechteckige Querschneider",,,
"FB4_7",7,4,"FAB","normal","Symmetrische trapezfoermige Querschneider",,,
"FB4_7",7,4,"FAC","normal","Symmetrische geschweifte Querschneider",,,
"FB4_7",7,4,"FBA","normal","Gerade asymmetrische Querschneider",,,
"FB4_7",7,4,"FBB","normal","Gerade und gebogen asymmetrische Querschneider",,,
"FB4_7",7,4,"FBC","normal","Gebogen asymmetrische Querschneider",,,
"FB4_7",7,4,"FA","normal","Querschneider",,,
"FB4_7",7,4,"FB","normal","Querschneider",,,
"FB4_7",7,4,"FAA","normal","Symmetrische rechteckige Querschneider",,,
"FB4_7",7,4,"FAB","normal","Symmetrische trapezfoermige Querschneider",,,
"FB4_7",7,4,"FAC","normal","Symmetrische geschweifte Querschneider",,,
"FB4_7",7,4,"FAAA","normal","Symmetrischer rechteckiger Querschneider",,,
"FB4_7",7,4,"FAAB","normal","Parallelogramm",,,
"FB4_7",7,4,"FABX","normal","Symmetrischer trapezfoermiger Querschneider",,,
"FB4_7",7,4,"FABA","normal","Symmetrischer trapezfoermiger Querschneider mit gerade retuschierten Kanten",,,
"FB4_7",7,4,"FABB","normal","Extrem grosser Symmetrischer trapezfoermiger Querschneider mit gerade retuschierten Kanten",,,
"FB4_7",7,4,"FABC","normal","Symmetrischer trapezfoermiger Querschneider mit konkav retuschierten Kanten",,,
"FB4_7",7,4,"FABD","normal","Extrem grosser Symmetrischer trapezfoermiger Querschneider mit konkav retuschierten Kanten",,,
"FB4_7",7,4,"FABE","normal","Symmetrischer Querschneider mit spitzer Basis",,,
"FB4_7",7,4,"FBAA","normal","Gerade asymmetrische Querschneider mit doppelt gerade retuschierten Kanten",,,
"FB4_7",7,4,"FBBA","normal","Gerade und gebogene asymmetrische Querschneider mit konkav retuschierter Basis",,,
"FB4_7",7,4,"FBBB","normal","Gerade und gebogene asymmetrische Querschneider mit konkav retuschierter laengerer Kante",,,
"FB4_7",7,4,"FBBC","normal","Gerade und gebogene asymmetrische Querschneider mit gerade und extrem konkav ret. Kanten",,,
"FB4_7",7,4,"FBCA","normal","Gebogene asymmetrische Querschneider mit konkav retuschierter Basis und konvex retuschierter laengerer Kante",,,
"FB4_7",7,4,"FBCB","normal","Gebogene asymmetrische Querschneider mit konvex retuschierter Basis und konkav retuschierter laengerer Kante",,,
"FB4_7",7,4,"FBCC","normal","Gebogene asymmetrische Querschneider mit doppelt konkav retuschierten Kanten",,,
"FB4_8",8,4,"A","normal","Schlagpunkt in Sektor A",,,
"FB4_8",8,4,"B","normal","Schlagpunkt in Sektor B",,,
"FB4_8",8,4,"C","normal","Schlagpunkt in Sektor C",,,
"FB4_8",8,4,"D","normal","Schlagpunkt in Sektor D",,,
"FB4_8",8,4,"E","normal","Schlagpunkt in Sektor E",,,
"FB4_8",8,4,"F","normal","Schlagpunkt in Sektor F",,,
"FB4_8",8,4,1,"normal","Schlagpunkt in Sektor 1",,,
"FB4_8",8,4,2,"normal","Schlagpunkt in Sektor 2",,,
"FB4_8",8,4,3,"normal","Schlagpunkt in Sektor 3",,,
"FB4_8",8,4,4,"normal","Schlagpunkt in Sektor 4",,,
"FB4_8",8,4,5,"normal","Schlagpunkt in Sektor 5",,,
"FB4_8",8,4,6,"normal","Schlagpunkt in Sektor 6",,,
"FB4_8",8,4,7,"normal","Schlagpunkt oben",,,
"FB4_8",8,4,8,"normal","Schlagpunkt unten",,,
"FB4_8",8,4,9,"unknown","Schlagpunkt nicht erkennbar",,,
"FB4_9",9,4,0,"absent","Keine Angabe wenn sym. 3E o. 4E, DSP, sym. SGM",,,
"FB4_9",9,4,1,"normal","Asymmetrisch links",,,
"FB4_9",9,4,2,"normal","Asymmetrisch rechts",,,
"FB4_9",9,4,9,"unknown","Keine Aussage",,,
"FB4_10",10,4,999,"normal","Alle Kanten sind retuschiert",,,
"FB4_10",10,4,0,"normal","Keine Kanten sind returschiert",,,
"FB4_15",15,4,1,"normal","Vollstaendig",,,
"FB4_15",15,4,2,"normal","Laenge unvollstaendig, Breite vollstaendig",,,
"FB4_15",15,4,3,"normal","Breite unvollstaendig, Laenge vollstaendig",,,
"FB4_15",15,4,4,"normal","Unvollstaendig",,,
"FB4_15",15,4,5,"unknown","Keine Aussage",,,
"FB4_17",17,4,0,"unknown","Keine Aussage",,,
"FB5_7",7,5,0,"unknown","Keine Aussage",,,
"FB5_7",7,5,1,"normal","Distal",,,
"FB5_7",7,5,2,"normal","Medial einfach",,,
"FB5_7",7,5,3,"normal","Medial doppelt",,,
"FB5_7",7,5,4,"normal","Proximal",,,
"FB5_8",8,5,1,"normal","Links oben",,,
"FB5_8",8,5,2,"normal","Links unten",,,
"FB5_8",8,5,3,"normal","Rechts oben",,,
"FB5_8",8,5,4,"normal","Rechts unten",,,
"FB5_8",8,5,5,"normal","Links-rechts (oben zuerst)",,,
"FB5_8",8,5,6,"normal","Rechts-links (oben zuerst)",,,
"FB5_8",8,5,7,"normal","Beide links",,,
"FB5_8",8,5,8,"normal","Beide rechts",,,
"FB5_9",9,5,0,"normal","Gerade",,,
"FB5_9",9,5,1,"normal","Links-rechts",,,
"FB5_9",9,5,2,"normal","Rechts-links",,,
"FB5_9",9,5,3,"normal","2x links-rechts",,,
"FB5_9",9,5,4,"normal","2x rechts-links",,,
"FB5_9",9,5,5,"normal","Rechts.links, links-rechts",,,
"FB5_9",9,5,6,"normal","Links-rechts, rechts-links",,,
"FB5_9",9,5,7,"normal","Gerade, rechts-links",,,
"FB5_9",9,5,8,"normal","Gerade, links-rechts",,,
"FB6_4",4,6,1,"normal","Zugehoerig",,,
"FB6_4",4,6,1,"normal","Angepasst",,,
"FB6_4",4,6,1,"normal","Aufeinandergepasst",,,
"FB6_4",4,6,1,"normal","Aneinandergepasst",,,
"FB6_4",4,6,1,"normal","Eingepasst",,,
"FB6_4",4,6,1,"normal","Auf- und aneinandergepasst",,,
"FB6_4",4,6,1,"normal","An- und aufeinandergepasst",,,
